,id,date_time,year,month,mdate,day,time,sensor_id,sensor_name,hourly_counts
0,2887628,2019-11-01T17:00:00.000,2019,November,1,Friday,17,34,Flinders St-Spark La,300
1,2887629,2019-11-01T17:00:00.000,2019,November,1,Friday,17,39,Alfred Place,604
2,2887630,2019-11-01T17:00:00.000,2019,November,1,Friday,17,37,Lygon St (East),216
3,2887631,2019-11-01T17:00:00.000,2019,November,1,Friday,17,40,Lonsdale St-Spring St (West),627
4,2887632,2019-11-01T17:00:00.000,2019,November,1,Friday,17,36,Queen St (West),774
5,2887633,2019-11-01T17:00:00.000,2019,November,1,Friday,17,29,St Kilda Rd-Alexandra Gardens,644
6,2887634,2019-11-01T17:00:00.000,2019,November,1,Friday,17,42,Grattan St-Swanston St (West),453
7,2887635,2019-11-01T17:00:00.000,2019,November,1,Friday,17,43,Monash Rd-Swanston St (West),387
8,2887636,2019-11-01T17:00:00.000,2019,November,1,Friday,17,44,Tin Alley-Swanston St (West),27
9,2887637,2019-11-01T17:00:00.000,2019,November,1,Friday,17,35,Southbank,2691
10,2887638,2019-11-01T17:00:00.000,2019,November,1,Friday,17,45,Little Collins St-Swanston St (East),2173
11,2887639,2019-11-01T17:00:00.000,2019,November,1,Friday,17,46,Pelham St (S),203
12,2887640,2019-11-01T17:00:00.000,2019,November,1,Friday,17,47,Melbourne Central-Elizabeth St (East),2354
13,2887641,2019-11-01T17:00:00.000,2019,November,1,Friday,17,48,QVM-Queen St (East),358
14,2887642,2019-11-01T17:00:00.000,2019,November,1,Friday,17,49,QVM-Therry St (South),161
15,2887643,2019-11-01T17:00:00.000,2019,November,1,Friday,17,50,Faraday St-Lygon St (West),502
16,2887644,2019-11-01T17:00:00.000,2019,November,1,Friday,17,51,QVM-Franklin St (North),159
17,2887645,2019-11-01T17:00:00.000,2019,November,1,Friday,17,52,Elizabeth St-Lonsdale St (South),914
18,2887646,2019-11-01T17:00:00.000,2019,November,1,Friday,17,54,Lincoln-Swanston(West),276
19,2887647,2019-11-01T17:00:00.000,2019,November,1,Friday,17,55,Elizabeth St-La Trobe St (East),2070
20,2887648,2019-11-01T17:00:00.000,2019,November,1,Friday,17,56,Lonsdale St - Elizabeth St (North),789
21,2887649,2019-11-01T17:00:00.000,2019,November,1,Friday,17,57,Bourke St Bridge,2122
22,2887650,2019-11-01T17:00:00.000,2019,November,1,Friday,17,58,Bourke St - Spencer St (North),2528
23,2887651,2019-11-01T17:00:00.000,2019,November,1,Friday,17,59,Swanston St - RMIT Building 80,485
24,2887652,2019-11-01T17:00:00.000,2019,November,1,Friday,17,61,Swanston St - RMIT Building 14,1240
25,2887653,2019-11-01T17:00:00.000,2019,November,1,Friday,17,62,La Trobe St (North),229
26,2887654,2019-11-01T18:00:00.000,2019,November,1,Friday,18,4,Town Hall (West),2950
27,2887655,2019-11-01T18:00:00.000,2019,November,1,Friday,18,17,Collins Place (South),646
28,2887656,2019-11-01T18:00:00.000,2019,November,1,Friday,18,18,Collins Place (North),626
29,2887657,2019-11-01T18:00:00.000,2019,November,1,Friday,18,53,Collins St (North),1153
30,2887658,2019-11-01T18:00:00.000,2019,November,1,Friday,18,2,Bourke Street Mall (South),2226
31,2887659,2019-11-01T18:00:00.000,2019,November,1,Friday,18,1,Bourke Street Mall (North),3183
32,2887660,2019-11-01T18:00:00.000,2019,November,1,Friday,18,3,Melbourne Central,2802
33,2887661,2019-11-01T18:00:00.000,2019,November,1,Friday,18,15,State Library,1904
34,2887662,2019-11-01T18:00:00.000,2019,November,1,Friday,18,9,Southern Cross Station,1310
35,2887663,2019-11-01T18:00:00.000,2019,November,1,Friday,18,10,Victoria Point,147
36,2887664,2019-11-01T18:00:00.000,2019,November,1,Friday,18,12,New Quay,424
37,2887665,2019-11-01T18:00:00.000,2019,November,1,Friday,18,11,Waterfront City,90
38,2887666,2019-11-01T18:00:00.000,2019,November,1,Friday,18,8,Webb Bridge,301
39,2887667,2019-11-01T18:00:00.000,2019,November,1,Friday,18,7,Birrarung Marr,1010
40,2887668,2019-11-01T18:00:00.000,2019,November,1,Friday,18,5,Princes Bridge,3084
41,2887669,2019-11-01T18:00:00.000,2019,November,1,Friday,18,6,Flinders Street Station Underpass,3462
42,2887670,2019-11-01T18:00:00.000,2019,November,1,Friday,18,14,Sandridge Bridge,43
43,2887671,2019-11-01T18:00:00.000,2019,November,1,Friday,18,26,QV Market-Elizabeth St (West),744
44,2887672,2019-11-01T18:00:00.000,2019,November,1,Friday,18,24,Spencer St-Collins St (North),2552
45,2887673,2019-11-01T18:00:00.000,2019,November,1,Friday,18,23,Spencer St-Collins St (South),496
46,2887674,2019-11-01T18:00:00.000,2019,November,1,Friday,18,25,Melbourne Convention Exhibition Centre,2355
47,2887675,2019-11-01T18:00:00.000,2019,November,1,Friday,18,21,Bourke St-Russell St (West),1071
48,2887676,2019-11-01T18:00:00.000,2019,November,1,Friday,18,20,Chinatown-Lt Bourke St (South),816
49,2887677,2019-11-01T18:00:00.000,2019,November,1,Friday,18,19,Chinatown-Swanston St (North),1362
50,2887678,2019-11-01T18:00:00.000,2019,November,1,Friday,18,22,Flinders St-Elizabeth St (East),3005
51,2887679,2019-11-01T18:00:00.000,2019,November,1,Friday,18,27,QV Market-Peel St,159
52,2887680,2019-11-01T18:00:00.000,2019,November,1,Friday,18,28,The Arts Centre,1565
53,2887681,2019-11-01T18:00:00.000,2019,November,1,Friday,18,31,Lygon St (West),418
54,2887682,2019-11-01T18:00:00.000,2019,November,1,Friday,18,30,Lonsdale St (South),1129
55,2887683,2019-11-01T18:00:00.000,2019,November,1,Friday,18,34,Flinders St-Spark La,240
56,2887684,2019-11-01T18:00:00.000,2019,November,1,Friday,18,39,Alfred Place,384
57,2887685,2019-11-01T18:00:00.000,2019,November,1,Friday,18,37,Lygon St (East),210
58,2887686,2019-11-01T18:00:00.000,2019,November,1,Friday,18,40,Lonsdale St-Spring St (West),387
59,2887687,2019-11-01T18:00:00.000,2019,November,1,Friday,18,36,Queen St (West),496
60,2887688,2019-11-01T18:00:00.000,2019,November,1,Friday,18,29,St Kilda Rd-Alexandra Gardens,754
61,2887689,2019-11-01T18:00:00.000,2019,November,1,Friday,18,42,Grattan St-Swanston St (West),447
62,2887690,2019-11-01T18:00:00.000,2019,November,1,Friday,18,43,Monash Rd-Swanston St (West),145
63,2887691,2019-11-01T18:00:00.000,2019,November,1,Friday,18,44,Tin Alley-Swanston St (West),25
64,2887692,2019-11-01T18:00:00.000,2019,November,1,Friday,18,35,Southbank,2292
65,2887693,2019-11-01T18:00:00.000,2019,November,1,Friday,18,45,Little Collins St-Swanston St (East),1927
66,2887694,2019-11-01T18:00:00.000,2019,November,1,Friday,18,46,Pelham St (S),201
67,2887695,2019-11-01T18:00:00.000,2019,November,1,Friday,18,47,Melbourne Central-Elizabeth St (East),1933
68,2887696,2019-11-01T18:00:00.000,2019,November,1,Friday,18,48,QVM-Queen St (East),273
69,2887697,2019-11-01T18:00:00.000,2019,November,1,Friday,18,49,QVM-Therry St (South),150
70,2887698,2019-11-01T18:00:00.000,2019,November,1,Friday,18,50,Faraday St-Lygon St (West),624
71,2887699,2019-11-01T18:00:00.000,2019,November,1,Friday,18,51,QVM-Franklin St (North),181
72,2887700,2019-11-01T18:00:00.000,2019,November,1,Friday,18,52,Elizabeth St-Lonsdale St (South),806
73,2887701,2019-11-01T18:00:00.000,2019,November,1,Friday,18,54,Lincoln-Swanston(West),178
74,2887702,2019-11-01T18:00:00.000,2019,November,1,Friday,18,55,Elizabeth St-La Trobe St (East),1972
75,2887703,2019-11-01T18:00:00.000,2019,November,1,Friday,18,56,Lonsdale St - Elizabeth St (North),598
76,2887704,2019-11-01T18:00:00.000,2019,November,1,Friday,18,57,Bourke St Bridge,870
77,2887705,2019-11-01T18:00:00.000,2019,November,1,Friday,18,58,Bourke St - Spencer St (North),1499
78,2887706,2019-11-01T18:00:00.000,2019,November,1,Friday,18,59,Swanston St - RMIT Building 80,396
79,2887707,2019-11-01T18:00:00.000,2019,November,1,Friday,18,61,Swanston St - RMIT Building 14,1080
80,2887708,2019-11-01T18:00:00.000,2019,November,1,Friday,18,62,La Trobe St (North),262
81,2887709,2019-11-01T19:00:00.000,2019,November,1,Friday,19,4,Town Hall (West),2345
82,2887710,2019-11-01T19:00:00.000,2019,November,1,Friday,19,17,Collins Place (South),367
83,2887711,2019-11-01T19:00:00.000,2019,November,1,Friday,19,18,Collins Place (North),294
84,2887712,2019-11-01T19:00:00.000,2019,November,1,Friday,19,53,Collins St (North),784
85,2887713,2019-11-01T19:00:00.000,2019,November,1,Friday,19,2,Bourke Street Mall (South),1639
86,2887714,2019-11-01T19:00:00.000,2019,November,1,Friday,19,1,Bourke Street Mall (North),2533
87,2887715,2019-11-01T19:00:00.000,2019,November,1,Friday,19,3,Melbourne Central,2512
88,2887716,2019-11-01T19:00:00.000,2019,November,1,Friday,19,15,State Library,1562
89,2887717,2019-11-01T19:00:00.000,2019,November,1,Friday,19,9,Southern Cross Station,522
90,2887718,2019-11-01T19:00:00.000,2019,November,1,Friday,19,10,Victoria Point,126
91,2887719,2019-11-01T19:00:00.000,2019,November,1,Friday,19,12,New Quay,385
92,2887720,2019-11-01T19:00:00.000,2019,November,1,Friday,19,11,Waterfront City,123
93,2887721,2019-11-01T19:00:00.000,2019,November,1,Friday,19,8,Webb Bridge,221
94,2887722,2019-11-01T19:00:00.000,2019,November,1,Friday,19,7,Birrarung Marr,436
95,2887723,2019-11-01T19:00:00.000,2019,November,1,Friday,19,5,Princes Bridge,2530
96,2887724,2019-11-01T19:00:00.000,2019,November,1,Friday,19,6,Flinders Street Station Underpass,2467
97,2887725,2019-11-01T19:00:00.000,2019,November,1,Friday,19,14,Sandridge Bridge,38
98,2887726,2019-11-01T19:00:00.000,2019,November,1,Friday,19,26,QV Market-Elizabeth St (West),698
99,2887727,2019-11-01T19:00:00.000,2019,November,1,Friday,19,24,Spencer St-Collins St (North),1566
100,2887728,2019-11-01T19:00:00.000,2019,November,1,Friday,19,23,Spencer St-Collins St (South),235
101,2887729,2019-11-01T19:00:00.000,2019,November,1,Friday,19,25,Melbourne Convention Exhibition Centre,1741
102,2887730,2019-11-01T19:00:00.000,2019,November,1,Friday,19,21,Bourke St-Russell St (West),1117
103,2887731,2019-11-01T19:00:00.000,2019,November,1,Friday,19,20,Chinatown-Lt Bourke St (South),1013
104,2887732,2019-11-01T19:00:00.000,2019,November,1,Friday,19,19,Chinatown-Swanston St (North),1404
105,2887733,2019-11-01T19:00:00.000,2019,November,1,Friday,19,22,Flinders St-Elizabeth St (East),2647
106,2887734,2019-11-01T19:00:00.000,2019,November,1,Friday,19,27,QV Market-Peel St,187
107,2887735,2019-11-01T19:00:00.000,2019,November,1,Friday,19,28,The Arts Centre,1342
108,2887736,2019-11-01T19:00:00.000,2019,November,1,Friday,19,31,Lygon St (West),512
109,2887737,2019-11-01T19:00:00.000,2019,November,1,Friday,19,30,Lonsdale St (South),1184
110,2887738,2019-11-01T19:00:00.000,2019,November,1,Friday,19,34,Flinders St-Spark La,158
111,2887739,2019-11-01T19:00:00.000,2019,November,1,Friday,19,39,Alfred Place,289
112,2887740,2019-11-01T19:00:00.000,2019,November,1,Friday,19,37,Lygon St (East),293
113,2887741,2019-11-01T19:00:00.000,2019,November,1,Friday,19,40,Lonsdale St-Spring St (West),384
114,2887742,2019-11-01T19:00:00.000,2019,November,1,Friday,19,36,Queen St (West),420
115,2887743,2019-11-01T19:00:00.000,2019,November,1,Friday,19,29,St Kilda Rd-Alexandra Gardens,502
116,2887744,2019-11-01T19:00:00.000,2019,November,1,Friday,19,42,Grattan St-Swanston St (West),303
117,2887745,2019-11-01T19:00:00.000,2019,November,1,Friday,19,43,Monash Rd-Swanston St (West),42
118,2887746,2019-11-01T19:00:00.000,2019,November,1,Friday,19,44,Tin Alley-Swanston St (West),41
119,2887747,2019-11-01T19:00:00.000,2019,November,1,Friday,19,35,Southbank,2058
120,2887748,2019-11-01T19:00:00.000,2019,November,1,Friday,19,45,Little Collins St-Swanston St (East),1647
121,2887749,2019-11-01T19:00:00.000,2019,November,1,Friday,19,46,Pelham St (S),134
122,2887750,2019-11-01T19:00:00.000,2019,November,1,Friday,19,47,Melbourne Central-Elizabeth St (East),1600
123,2887751,2019-11-01T19:00:00.000,2019,November,1,Friday,19,48,QVM-Queen St (East),256
124,2887752,2019-11-01T19:00:00.000,2019,November,1,Friday,19,49,QVM-Therry St (South),190
125,2887753,2019-11-01T19:00:00.000,2019,November,1,Friday,19,50,Faraday St-Lygon St (West),572
126,2887754,2019-11-01T19:00:00.000,2019,November,1,Friday,19,51,QVM-Franklin St (North),184
127,2887755,2019-11-01T19:00:00.000,2019,November,1,Friday,19,52,Elizabeth St-Lonsdale St (South),773
128,2887756,2019-11-01T19:00:00.000,2019,November,1,Friday,19,54,Lincoln-Swanston(West),182
129,2887757,2019-11-01T19:00:00.000,2019,November,1,Friday,19,55,Elizabeth St-La Trobe St (East),1748
130,2887758,2019-11-01T19:00:00.000,2019,November,1,Friday,19,56,Lonsdale St - Elizabeth St (North),569
131,2887759,2019-11-01T19:00:00.000,2019,November,1,Friday,19,57,Bourke St Bridge,379
132,2887760,2019-11-01T19:00:00.000,2019,November,1,Friday,19,58,Bourke St - Spencer St (North),953
133,2887761,2019-11-01T19:00:00.000,2019,November,1,Friday,19,59,Swanston St - RMIT Building 80,179
134,2887762,2019-11-01T19:00:00.000,2019,November,1,Friday,19,61,Swanston St - RMIT Building 14,832
135,2887763,2019-11-01T19:00:00.000,2019,November,1,Friday,19,62,La Trobe St (North),280
136,2887764,2019-11-01T20:00:00.000,2019,November,1,Friday,20,4,Town Hall (West),2051
137,2887765,2019-11-01T20:00:00.000,2019,November,1,Friday,20,17,Collins Place (South),320
138,2887766,2019-11-01T20:00:00.000,2019,November,1,Friday,20,18,Collins Place (North),182
139,2887767,2019-11-01T20:00:00.000,2019,November,1,Friday,20,53,Collins St (North),589
140,2887768,2019-11-01T20:00:00.000,2019,November,1,Friday,20,2,Bourke Street Mall (South),1204
141,2887769,2019-11-01T20:00:00.000,2019,November,1,Friday,20,1,Bourke Street Mall (North),2070
142,2887770,2019-11-01T20:00:00.000,2019,November,1,Friday,20,3,Melbourne Central,2822
143,2887771,2019-11-01T20:00:00.000,2019,November,1,Friday,20,15,State Library,1444
144,2887772,2019-11-01T20:00:00.000,2019,November,1,Friday,20,9,Southern Cross Station,277
145,2887773,2019-11-01T20:00:00.000,2019,November,1,Friday,20,10,Victoria Point,142
146,2887774,2019-11-01T20:00:00.000,2019,November,1,Friday,20,12,New Quay,476
147,2887775,2019-11-01T20:00:00.000,2019,November,1,Friday,20,11,Waterfront City,154
148,2887776,2019-11-01T20:00:00.000,2019,November,1,Friday,20,8,Webb Bridge,204
149,2887777,2019-11-01T20:00:00.000,2019,November,1,Friday,20,7,Birrarung Marr,203
150,2887778,2019-11-01T20:00:00.000,2019,November,1,Friday,20,5,Princes Bridge,1882
151,2887779,2019-11-01T20:00:00.000,2019,November,1,Friday,20,6,Flinders Street Station Underpass,2097
152,2887780,2019-11-01T20:00:00.000,2019,November,1,Friday,20,14,Sandridge Bridge,25
153,2887781,2019-11-01T20:00:00.000,2019,November,1,Friday,20,26,QV Market-Elizabeth St (West),672
154,2887782,2019-11-01T20:00:00.000,2019,November,1,Friday,20,24,Spencer St-Collins St (North),1043
155,2887783,2019-11-01T20:00:00.000,2019,November,1,Friday,20,23,Spencer St-Collins St (South),200
156,2887784,2019-11-01T20:00:00.000,2019,November,1,Friday,20,25,Melbourne Convention Exhibition Centre,1652
157,2887785,2019-11-01T20:00:00.000,2019,November,1,Friday,20,21,Bourke St-Russell St (West),997
158,2887786,2019-11-01T20:00:00.000,2019,November,1,Friday,20,20,Chinatown-Lt Bourke St (South),974
159,2887787,2019-11-01T20:00:00.000,2019,November,1,Friday,20,19,Chinatown-Swanston St (North),1362
160,2887788,2019-11-01T20:00:00.000,2019,November,1,Friday,20,22,Flinders St-Elizabeth St (East),2314
161,2887789,2019-11-01T20:00:00.000,2019,November,1,Friday,20,27,QV Market-Peel St,135
162,2887790,2019-11-01T20:00:00.000,2019,November,1,Friday,20,28,The Arts Centre,594
163,2887791,2019-11-01T20:00:00.000,2019,November,1,Friday,20,31,Lygon St (West),687
164,2887792,2019-11-01T20:00:00.000,2019,November,1,Friday,20,30,Lonsdale St (South),1064
165,2887793,2019-11-01T20:00:00.000,2019,November,1,Friday,20,34,Flinders St-Spark La,118
166,2887794,2019-11-01T20:00:00.000,2019,November,1,Friday,20,39,Alfred Place,158
167,2887795,2019-11-01T20:00:00.000,2019,November,1,Friday,20,37,Lygon St (East),325
168,2887796,2019-11-01T20:00:00.000,2019,November,1,Friday,20,40,Lonsdale St-Spring St (West),245
169,2887797,2019-11-01T20:00:00.000,2019,November,1,Friday,20,36,Queen St (West),367
170,2844936,2019-09-29T10:00:00.000,2019,September,29,Sunday,10,7,Birrarung Marr,418
171,2887798,2019-11-01T20:00:00.000,2019,November,1,Friday,20,29,St Kilda Rd-Alexandra Gardens,299
172,2887799,2019-11-01T20:00:00.000,2019,November,1,Friday,20,42,Grattan St-Swanston St (West),198
173,2887800,2019-11-01T20:00:00.000,2019,November,1,Friday,20,43,Monash Rd-Swanston St (West),27
174,2887801,2019-11-01T20:00:00.000,2019,November,1,Friday,20,44,Tin Alley-Swanston St (West),42
175,2887802,2019-11-01T20:00:00.000,2019,November,1,Friday,20,35,Southbank,1695
176,2887803,2019-11-01T20:00:00.000,2019,November,1,Friday,20,45,Little Collins St-Swanston St (East),1471
177,2887804,2019-11-01T20:00:00.000,2019,November,1,Friday,20,46,Pelham St (S),132
178,2887805,2019-11-01T20:00:00.000,2019,November,1,Friday,20,47,Melbourne Central-Elizabeth St (East),1414
179,2887806,2019-11-01T20:00:00.000,2019,November,1,Friday,20,48,QVM-Queen St (East),186
180,2887807,2019-11-01T20:00:00.000,2019,November,1,Friday,20,49,QVM-Therry St (South),100
181,2887808,2019-11-01T20:00:00.000,2019,November,1,Friday,20,50,Faraday St-Lygon St (West),605
182,2887809,2019-11-01T20:00:00.000,2019,November,1,Friday,20,51,QVM-Franklin St (North),151
183,2887810,2019-11-01T20:00:00.000,2019,November,1,Friday,20,52,Elizabeth St-Lonsdale St (South),693
184,2887811,2019-11-01T20:00:00.000,2019,November,1,Friday,20,54,Lincoln-Swanston(West),216
185,2887812,2019-11-01T20:00:00.000,2019,November,1,Friday,20,55,Elizabeth St-La Trobe St (East),1673
186,2887813,2019-11-01T20:00:00.000,2019,November,1,Friday,20,56,Lonsdale St - Elizabeth St (North),560
187,2887814,2019-11-01T20:00:00.000,2019,November,1,Friday,20,57,Bourke St Bridge,249
188,2887815,2019-11-01T20:00:00.000,2019,November,1,Friday,20,58,Bourke St - Spencer St (North),662
189,2887816,2019-11-01T20:00:00.000,2019,November,1,Friday,20,59,Swanston St - RMIT Building 80,11
190,2887817,2019-11-01T20:00:00.000,2019,November,1,Friday,20,61,Swanston St - RMIT Building 14,741
191,2887818,2019-11-01T20:00:00.000,2019,November,1,Friday,20,62,La Trobe St (North),273
192,2887819,2019-11-01T21:00:00.000,2019,November,1,Friday,21,4,Town Hall (West),1715
193,2887820,2019-11-01T21:00:00.000,2019,November,1,Friday,21,17,Collins Place (South),191
194,2887821,2019-11-01T21:00:00.000,2019,November,1,Friday,21,18,Collins Place (North),145
195,2887822,2019-11-01T21:00:00.000,2019,November,1,Friday,21,53,Collins St (North),485
196,2887823,2019-11-01T21:00:00.000,2019,November,1,Friday,21,2,Bourke Street Mall (South),588
197,2887824,2019-11-01T21:00:00.000,2019,November,1,Friday,21,1,Bourke Street Mall (North),1450
198,2887825,2019-11-01T21:00:00.000,2019,November,1,Friday,21,3,Melbourne Central,2662
199,2887826,2019-11-01T21:00:00.000,2019,November,1,Friday,21,15,State Library,1267
200,2887827,2019-11-01T21:00:00.000,2019,November,1,Friday,21,9,Southern Cross Station,167
201,2887828,2019-11-01T21:00:00.000,2019,November,1,Friday,21,10,Victoria Point,76
202,2887829,2019-11-01T21:00:00.000,2019,November,1,Friday,21,12,New Quay,462
203,2887830,2019-11-01T21:00:00.000,2019,November,1,Friday,21,11,Waterfront City,109
204,2887831,2019-11-01T21:00:00.000,2019,November,1,Friday,21,8,Webb Bridge,132
205,2887832,2019-11-01T21:00:00.000,2019,November,1,Friday,21,7,Birrarung Marr,239
206,2887833,2019-11-01T21:00:00.000,2019,November,1,Friday,21,5,Princes Bridge,2739
207,2887834,2019-11-01T21:00:00.000,2019,November,1,Friday,21,6,Flinders Street Station Underpass,2006
208,2887835,2019-11-01T21:00:00.000,2019,November,1,Friday,21,14,Sandridge Bridge,13
209,2887836,2019-11-01T21:00:00.000,2019,November,1,Friday,21,26,QV Market-Elizabeth St (West),537
210,2887837,2019-11-01T21:00:00.000,2019,November,1,Friday,21,24,Spencer St-Collins St (North),1054
211,2887838,2019-11-01T21:00:00.000,2019,November,1,Friday,21,23,Spencer St-Collins St (South),229
212,2887839,2019-11-01T21:00:00.000,2019,November,1,Friday,21,25,Melbourne Convention Exhibition Centre,1322
213,2887840,2019-11-01T21:00:00.000,2019,November,1,Friday,21,21,Bourke St-Russell St (West),937
214,2887841,2019-11-01T21:00:00.000,2019,November,1,Friday,21,20,Chinatown-Lt Bourke St (South),765
215,2887842,2019-11-01T21:00:00.000,2019,November,1,Friday,21,19,Chinatown-Swanston St (North),1243
216,2887843,2019-11-01T21:00:00.000,2019,November,1,Friday,21,22,Flinders St-Elizabeth St (East),2266
217,2887844,2019-11-01T21:00:00.000,2019,November,1,Friday,21,27,QV Market-Peel St,146
218,2887845,2019-11-01T21:00:00.000,2019,November,1,Friday,21,28,The Arts Centre,1205
219,2887846,2019-11-01T21:00:00.000,2019,November,1,Friday,21,31,Lygon St (West),800
220,2887847,2019-11-01T21:00:00.000,2019,November,1,Friday,21,30,Lonsdale St (South),1106
221,2887848,2019-11-01T21:00:00.000,2019,November,1,Friday,21,34,Flinders St-Spark La,131
222,2887849,2019-11-01T21:00:00.000,2019,November,1,Friday,21,39,Alfred Place,114
223,2887850,2019-11-01T21:00:00.000,2019,November,1,Friday,21,37,Lygon St (East),366
224,2887851,2019-11-01T21:00:00.000,2019,November,1,Friday,21,40,Lonsdale St-Spring St (West),215
225,2887852,2019-11-01T21:00:00.000,2019,November,1,Friday,21,36,Queen St (West),297
226,2887853,2019-11-01T21:00:00.000,2019,November,1,Friday,21,29,St Kilda Rd-Alexandra Gardens,382
227,2887854,2019-11-01T21:00:00.000,2019,November,1,Friday,21,42,Grattan St-Swanston St (West),157
228,2887855,2019-11-01T21:00:00.000,2019,November,1,Friday,21,43,Monash Rd-Swanston St (West),13
229,2887856,2019-11-01T21:00:00.000,2019,November,1,Friday,21,44,Tin Alley-Swanston St (West),38
230,2887857,2019-11-01T21:00:00.000,2019,November,1,Friday,21,35,Southbank,1825
231,2887858,2019-11-01T21:00:00.000,2019,November,1,Friday,21,45,Little Collins St-Swanston St (East),1562
232,2887859,2019-11-01T21:00:00.000,2019,November,1,Friday,21,46,Pelham St (S),93
233,2887860,2019-11-01T21:00:00.000,2019,November,1,Friday,21,47,Melbourne Central-Elizabeth St (East),1213
234,2887861,2019-11-01T21:00:00.000,2019,November,1,Friday,21,48,QVM-Queen St (East),189
235,2887862,2019-11-01T21:00:00.000,2019,November,1,Friday,21,49,QVM-Therry St (South),137
236,2887863,2019-11-01T21:00:00.000,2019,November,1,Friday,21,50,Faraday St-Lygon St (West),555
237,2887864,2019-11-01T21:00:00.000,2019,November,1,Friday,21,51,QVM-Franklin St (North),148
238,2887865,2019-11-01T21:00:00.000,2019,November,1,Friday,21,52,Elizabeth St-Lonsdale St (South),618
239,2887866,2019-11-01T21:00:00.000,2019,November,1,Friday,21,54,Lincoln-Swanston(West),211
240,2887867,2019-11-01T21:00:00.000,2019,November,1,Friday,21,55,Elizabeth St-La Trobe St (East),1530
241,2887868,2019-11-01T21:00:00.000,2019,November,1,Friday,21,56,Lonsdale St - Elizabeth St (North),405
242,2887869,2019-11-01T21:00:00.000,2019,November,1,Friday,21,57,Bourke St Bridge,161
243,2887870,2019-11-01T21:00:00.000,2019,November,1,Friday,21,58,Bourke St - Spencer St (North),630
244,2887871,2019-11-01T21:00:00.000,2019,November,1,Friday,21,59,Swanston St - RMIT Building 80,7
245,2887872,2019-11-01T21:00:00.000,2019,November,1,Friday,21,61,Swanston St - RMIT Building 14,582
246,2887873,2019-11-01T21:00:00.000,2019,November,1,Friday,21,62,La Trobe St (North),260
247,2887874,2019-11-01T22:00:00.000,2019,November,1,Friday,22,4,Town Hall (West),1438
248,2887875,2019-11-01T22:00:00.000,2019,November,1,Friday,22,17,Collins Place (South),197
249,2887876,2019-11-01T22:00:00.000,2019,November,1,Friday,22,18,Collins Place (North),153
250,2887877,2019-11-01T22:00:00.000,2019,November,1,Friday,22,53,Collins St (North),374
251,2887878,2019-11-01T22:00:00.000,2019,November,1,Friday,22,2,Bourke Street Mall (South),349
252,2887879,2019-11-01T22:00:00.000,2019,November,1,Friday,22,1,Bourke Street Mall (North),779
253,2887880,2019-11-01T22:00:00.000,2019,November,1,Friday,22,3,Melbourne Central,1960
254,2887881,2019-11-01T22:00:00.000,2019,November,1,Friday,22,15,State Library,909
255,2887882,2019-11-01T22:00:00.000,2019,November,1,Friday,22,9,Southern Cross Station,157
256,2887883,2019-11-01T22:00:00.000,2019,November,1,Friday,22,10,Victoria Point,76
257,2887884,2019-11-01T22:00:00.000,2019,November,1,Friday,22,12,New Quay,363
258,2887885,2019-11-01T22:00:00.000,2019,November,1,Friday,22,11,Waterfront City,82
259,2887886,2019-11-01T22:00:00.000,2019,November,1,Friday,22,8,Webb Bridge,79
260,2887887,2019-11-01T22:00:00.000,2019,November,1,Friday,22,7,Birrarung Marr,958
261,2887888,2019-11-01T22:00:00.000,2019,November,1,Friday,22,5,Princes Bridge,1767
262,2887889,2019-11-01T22:00:00.000,2019,November,1,Friday,22,6,Flinders Street Station Underpass,1600
263,2887890,2019-11-01T22:00:00.000,2019,November,1,Friday,22,14,Sandridge Bridge,12
264,2887891,2019-11-01T22:00:00.000,2019,November,1,Friday,22,26,QV Market-Elizabeth St (West),443
265,2887892,2019-11-01T22:00:00.000,2019,November,1,Friday,22,24,Spencer St-Collins St (North),849
266,2887893,2019-11-01T22:00:00.000,2019,November,1,Friday,22,23,Spencer St-Collins St (South),178
267,2887894,2019-11-01T22:00:00.000,2019,November,1,Friday,22,25,Melbourne Convention Exhibition Centre,974
268,2887895,2019-11-01T22:00:00.000,2019,November,1,Friday,22,21,Bourke St-Russell St (West),856
269,2887896,2019-11-01T22:00:00.000,2019,November,1,Friday,22,20,Chinatown-Lt Bourke St (South),727
270,2887897,2019-11-01T22:00:00.000,2019,November,1,Friday,22,19,Chinatown-Swanston St (North),983
271,2887898,2019-11-01T22:00:00.000,2019,November,1,Friday,22,22,Flinders St-Elizabeth St (East),1833
272,2887899,2019-11-01T22:00:00.000,2019,November,1,Friday,22,27,QV Market-Peel St,132
273,2887900,2019-11-01T22:00:00.000,2019,November,1,Friday,22,28,The Arts Centre,677
274,2887901,2019-11-01T22:00:00.000,2019,November,1,Friday,22,31,Lygon St (West),696
275,2887902,2019-11-01T22:00:00.000,2019,November,1,Friday,22,30,Lonsdale St (South),1024
276,2887903,2019-11-01T22:00:00.000,2019,November,1,Friday,22,34,Flinders St-Spark La,218
277,2887904,2019-11-01T22:00:00.000,2019,November,1,Friday,22,39,Alfred Place,115
278,2887905,2019-11-01T22:00:00.000,2019,November,1,Friday,22,37,Lygon St (East),287
279,2887906,2019-11-01T22:00:00.000,2019,November,1,Friday,22,40,Lonsdale St-Spring St (West),351
280,2887907,2019-11-01T22:00:00.000,2019,November,1,Friday,22,36,Queen St (West),390
281,2887908,2019-11-01T22:00:00.000,2019,November,1,Friday,22,29,St Kilda Rd-Alexandra Gardens,367
282,2887909,2019-11-01T22:00:00.000,2019,November,1,Friday,22,42,Grattan St-Swanston St (West),136
283,2887910,2019-11-01T22:00:00.000,2019,November,1,Friday,22,43,Monash Rd-Swanston St (West),14
284,2887911,2019-11-01T22:00:00.000,2019,November,1,Friday,22,44,Tin Alley-Swanston St (West),25
285,2887912,2019-11-01T22:00:00.000,2019,November,1,Friday,22,35,Southbank,1503
286,2887913,2019-11-01T22:00:00.000,2019,November,1,Friday,22,45,Little Collins St-Swanston St (East),1082
287,2887914,2019-11-01T22:00:00.000,2019,November,1,Friday,22,46,Pelham St (S),66
288,2887915,2019-11-01T22:00:00.000,2019,November,1,Friday,22,47,Melbourne Central-Elizabeth St (East),753
289,2887916,2019-11-01T22:00:00.000,2019,November,1,Friday,22,48,QVM-Queen St (East),149
290,2887917,2019-11-01T22:00:00.000,2019,November,1,Friday,22,49,QVM-Therry St (South),169
291,2887918,2019-11-01T22:00:00.000,2019,November,1,Friday,22,50,Faraday St-Lygon St (West),423
292,2887919,2019-11-01T22:00:00.000,2019,November,1,Friday,22,51,QVM-Franklin St (North),109
293,2887920,2019-11-01T22:00:00.000,2019,November,1,Friday,22,52,Elizabeth St-Lonsdale St (South),576
294,2887921,2019-11-01T22:00:00.000,2019,November,1,Friday,22,54,Lincoln-Swanston(West),132
295,2887922,2019-11-01T22:00:00.000,2019,November,1,Friday,22,55,Elizabeth St-La Trobe St (East),1286
296,2887923,2019-11-01T22:00:00.000,2019,November,1,Friday,22,56,Lonsdale St - Elizabeth St (North),309
297,2887924,2019-11-01T22:00:00.000,2019,November,1,Friday,22,57,Bourke St Bridge,128
298,2887925,2019-11-01T22:00:00.000,2019,November,1,Friday,22,58,Bourke St - Spencer St (North),573
299,2887926,2019-11-01T22:00:00.000,2019,November,1,Friday,22,59,Swanston St - RMIT Building 80,10
300,2887927,2019-11-01T22:00:00.000,2019,November,1,Friday,22,61,Swanston St - RMIT Building 14,494
301,2887928,2019-11-01T22:00:00.000,2019,November,1,Friday,22,62,La Trobe St (North),235
302,2887929,2019-11-01T23:00:00.000,2019,November,1,Friday,23,4,Town Hall (West),1064
303,2887930,2019-11-01T23:00:00.000,2019,November,1,Friday,23,17,Collins Place (South),144
304,2887931,2019-11-01T23:00:00.000,2019,November,1,Friday,23,18,Collins Place (North),83
305,2887932,2019-11-01T23:00:00.000,2019,November,1,Friday,23,53,Collins St (North),239
306,2887933,2019-11-01T23:00:00.000,2019,November,1,Friday,23,2,Bourke Street Mall (South),238
307,2887934,2019-11-01T23:00:00.000,2019,November,1,Friday,23,1,Bourke Street Mall (North),391
308,2887935,2019-11-01T23:00:00.000,2019,November,1,Friday,23,3,Melbourne Central,1537
309,2887936,2019-11-01T23:00:00.000,2019,November,1,Friday,23,15,State Library,550
310,2887937,2019-11-01T23:00:00.000,2019,November,1,Friday,23,9,Southern Cross Station,94
311,2887938,2019-11-01T23:00:00.000,2019,November,1,Friday,23,10,Victoria Point,44
312,2887939,2019-11-01T23:00:00.000,2019,November,1,Friday,23,12,New Quay,234
313,2887940,2019-11-01T23:00:00.000,2019,November,1,Friday,23,11,Waterfront City,57
314,2887941,2019-11-01T23:00:00.000,2019,November,1,Friday,23,8,Webb Bridge,85
315,2887942,2019-11-01T23:00:00.000,2019,November,1,Friday,23,7,Birrarung Marr,823
316,2887943,2019-11-01T23:00:00.000,2019,November,1,Friday,23,5,Princes Bridge,1306
317,2887944,2019-11-01T23:00:00.000,2019,November,1,Friday,23,6,Flinders Street Station Underpass,1263
318,2887945,2019-11-01T23:00:00.000,2019,November,1,Friday,23,14,Sandridge Bridge,14
319,2887946,2019-11-01T23:00:00.000,2019,November,1,Friday,23,26,QV Market-Elizabeth St (West),316
320,2887947,2019-11-01T23:00:00.000,2019,November,1,Friday,23,24,Spencer St-Collins St (North),672
321,2887948,2019-11-01T23:00:00.000,2019,November,1,Friday,23,23,Spencer St-Collins St (South),151
322,2887949,2019-11-01T23:00:00.000,2019,November,1,Friday,23,25,Melbourne Convention Exhibition Centre,696
323,2887950,2019-11-01T23:00:00.000,2019,November,1,Friday,23,21,Bourke St-Russell St (West),667
324,2887951,2019-11-01T23:00:00.000,2019,November,1,Friday,23,20,Chinatown-Lt Bourke St (South),473
325,2887952,2019-11-01T23:00:00.000,2019,November,1,Friday,23,19,Chinatown-Swanston St (North),700
326,2887953,2019-11-01T23:00:00.000,2019,November,1,Friday,23,22,Flinders St-Elizabeth St (East),1515
327,2887954,2019-11-01T23:00:00.000,2019,November,1,Friday,23,27,QV Market-Peel St,82
328,2887955,2019-11-01T23:00:00.000,2019,November,1,Friday,23,28,The Arts Centre,353
329,2887956,2019-11-01T23:00:00.000,2019,November,1,Friday,23,31,Lygon St (West),541
330,2887957,2019-11-01T23:00:00.000,2019,November,1,Friday,23,30,Lonsdale St (South),732
331,2887958,2019-11-01T23:00:00.000,2019,November,1,Friday,23,34,Flinders St-Spark La,154
332,2887959,2019-11-01T23:00:00.000,2019,November,1,Friday,23,39,Alfred Place,55
333,2887960,2019-11-01T23:00:00.000,2019,November,1,Friday,23,37,Lygon St (East),139
334,2887961,2019-11-01T23:00:00.000,2019,November,1,Friday,23,40,Lonsdale St-Spring St (West),137
335,2887962,2019-11-01T23:00:00.000,2019,November,1,Friday,23,36,Queen St (West),365
336,2887963,2019-11-01T23:00:00.000,2019,November,1,Friday,23,29,St Kilda Rd-Alexandra Gardens,394
337,2887964,2019-11-01T23:00:00.000,2019,November,1,Friday,23,42,Grattan St-Swanston St (West),103
338,2887965,2019-11-01T23:00:00.000,2019,November,1,Friday,23,43,Monash Rd-Swanston St (West),21
339,2887966,2019-11-01T23:00:00.000,2019,November,1,Friday,23,44,Tin Alley-Swanston St (West),27
340,2887967,2019-11-01T23:00:00.000,2019,November,1,Friday,23,35,Southbank,960
341,2887968,2019-11-01T23:00:00.000,2019,November,1,Friday,23,45,Little Collins St-Swanston St (East),748
342,2887969,2019-11-01T23:00:00.000,2019,November,1,Friday,23,46,Pelham St (S),50
343,2887970,2019-11-01T23:00:00.000,2019,November,1,Friday,23,47,Melbourne Central-Elizabeth St (East),615
344,2887971,2019-11-01T23:00:00.000,2019,November,1,Friday,23,48,QVM-Queen St (East),105
345,2887972,2019-11-01T23:00:00.000,2019,November,1,Friday,23,49,QVM-Therry St (South),110
346,2887973,2019-11-01T23:00:00.000,2019,November,1,Friday,23,50,Faraday St-Lygon St (West),139
347,2887974,2019-11-01T23:00:00.000,2019,November,1,Friday,23,51,QVM-Franklin St (North),78
348,2887975,2019-11-01T23:00:00.000,2019,November,1,Friday,23,52,Elizabeth St-Lonsdale St (South),416
349,2887976,2019-11-01T23:00:00.000,2019,November,1,Friday,23,54,Lincoln-Swanston(West),98
350,2887977,2019-11-01T23:00:00.000,2019,November,1,Friday,23,55,Elizabeth St-La Trobe St (East),1005
351,2887978,2019-11-01T23:00:00.000,2019,November,1,Friday,23,56,Lonsdale St - Elizabeth St (North),245
352,2887979,2019-11-01T23:00:00.000,2019,November,1,Friday,23,57,Bourke St Bridge,119
353,2887980,2019-11-01T23:00:00.000,2019,November,1,Friday,23,58,Bourke St - Spencer St (North),373
354,2887981,2019-11-01T23:00:00.000,2019,November,1,Friday,23,59,Swanston St - RMIT Building 80,6
355,2887982,2019-11-01T23:00:00.000,2019,November,1,Friday,23,61,Swanston St - RMIT Building 14,320
356,2887983,2019-11-01T23:00:00.000,2019,November,1,Friday,23,62,La Trobe St (North),176
357,2887984,2019-11-02T00:00:00.000,2019,November,2,Saturday,0,4,Town Hall (West),1064
358,2887985,2019-11-02T00:00:00.000,2019,November,2,Saturday,0,17,Collins Place (South),77
359,2887986,2019-11-02T00:00:00.000,2019,November,2,Saturday,0,18,Collins Place (North),47
360,2887987,2019-11-02T00:00:00.000,2019,November,2,Saturday,0,53,Collins St (North),172
361,2887988,2019-11-02T00:00:00.000,2019,November,2,Saturday,0,2,Bourke Street Mall (South),189
362,2887989,2019-11-02T00:00:00.000,2019,November,2,Saturday,0,1,Bourke Street Mall (North),205
363,2887990,2019-11-02T00:00:00.000,2019,November,2,Saturday,0,3,Melbourne Central,986
364,2887991,2019-11-02T00:00:00.000,2019,November,2,Saturday,0,15,State Library,302
365,2887992,2019-11-02T00:00:00.000,2019,November,2,Saturday,0,9,Southern Cross Station,28
366,2887993,2019-11-02T00:00:00.000,2019,November,2,Saturday,0,10,Victoria Point,13
367,2887994,2019-11-02T00:00:00.000,2019,November,2,Saturday,0,12,New Quay,75
368,2887995,2019-11-02T00:00:00.000,2019,November,2,Saturday,0,11,Waterfront City,17
369,2887996,2019-11-02T00:00:00.000,2019,November,2,Saturday,0,8,Webb Bridge,17
370,2887997,2019-11-02T00:00:00.000,2019,November,2,Saturday,0,7,Birrarung Marr,54
371,2887998,2019-11-02T00:00:00.000,2019,November,2,Saturday,0,5,Princes Bridge,614
372,2887999,2019-11-02T00:00:00.000,2019,November,2,Saturday,0,6,Flinders Street Station Underpass,796
373,2888000,2019-11-02T00:00:00.000,2019,November,2,Saturday,0,14,Sandridge Bridge,12
374,2888001,2019-11-02T00:00:00.000,2019,November,2,Saturday,0,26,QV Market-Elizabeth St (West),249
375,2888002,2019-11-02T00:00:00.000,2019,November,2,Saturday,0,24,Spencer St-Collins St (North),361
376,2888003,2019-11-02T00:00:00.000,2019,November,2,Saturday,0,23,Spencer St-Collins St (South),90
377,2888004,2019-11-02T00:00:00.000,2019,November,2,Saturday,0,25,Melbourne Convention Exhibition Centre,453
378,2888005,2019-11-02T00:00:00.000,2019,November,2,Saturday,0,21,Bourke St-Russell St (West),623
379,2888006,2019-11-02T00:00:00.000,2019,November,2,Saturday,0,20,Chinatown-Lt Bourke St (South),228
380,2888007,2019-11-02T00:00:00.000,2019,November,2,Saturday,0,19,Chinatown-Swanston St (North),399
381,2888008,2019-11-02T00:00:00.000,2019,November,2,Saturday,0,22,Flinders St-Elizabeth St (East),743
382,2888009,2019-11-02T00:00:00.000,2019,November,2,Saturday,0,27,QV Market-Peel St,46
383,2888010,2019-11-02T00:00:00.000,2019,November,2,Saturday,0,28,The Arts Centre,185
384,2888011,2019-11-02T00:00:00.000,2019,November,2,Saturday,0,31,Lygon St (West),178
385,2888012,2019-11-02T00:00:00.000,2019,November,2,Saturday,0,30,Lonsdale St (South),556
386,2888013,2019-11-02T00:00:00.000,2019,November,2,Saturday,0,34,Flinders St-Spark La,21
387,2888014,2019-11-02T00:00:00.000,2019,November,2,Saturday,0,39,Alfred Place,52
388,2888015,2019-11-02T00:00:00.000,2019,November,2,Saturday,0,37,Lygon St (East),45
389,2888016,2019-11-02T00:00:00.000,2019,November,2,Saturday,0,40,Lonsdale St-Spring St (West),76
390,2888017,2019-11-02T00:00:00.000,2019,November,2,Saturday,0,36,Queen St (West),254
391,2888018,2019-11-02T00:00:00.000,2019,November,2,Saturday,0,29,St Kilda Rd-Alexandra Gardens,118
392,2888019,2019-11-02T00:00:00.000,2019,November,2,Saturday,0,42,Grattan St-Swanston St (West),174
393,2888020,2019-11-02T00:00:00.000,2019,November,2,Saturday,0,43,Monash Rd-Swanston St (West),26
394,2888021,2019-11-02T00:00:00.000,2019,November,2,Saturday,0,44,Tin Alley-Swanston St (West),24
395,2888022,2019-11-02T00:00:00.000,2019,November,2,Saturday,0,35,Southbank,421
396,2888023,2019-11-02T00:00:00.000,2019,November,2,Saturday,0,45,Little Collins St-Swanston St (East),465
397,2888024,2019-11-02T00:00:00.000,2019,November,2,Saturday,0,46,Pelham St (S),32
398,2888025,2019-11-02T00:00:00.000,2019,November,2,Saturday,0,47,Melbourne Central-Elizabeth St (East),408
399,2888026,2019-11-02T00:00:00.000,2019,November,2,Saturday,0,48,QVM-Queen St (East),59
400,2888027,2019-11-02T00:00:00.000,2019,November,2,Saturday,0,49,QVM-Therry St (South),119
401,2888028,2019-11-02T00:00:00.000,2019,November,2,Saturday,0,50,Faraday St-Lygon St (West),81
402,2888029,2019-11-02T00:00:00.000,2019,November,2,Saturday,0,51,QVM-Franklin St (North),62
403,2888030,2019-11-02T00:00:00.000,2019,November,2,Saturday,0,52,Elizabeth St-Lonsdale St (South),263
404,2888031,2019-11-02T00:00:00.000,2019,November,2,Saturday,0,54,Lincoln-Swanston(West),68
405,2888032,2019-11-02T00:00:00.000,2019,November,2,Saturday,0,55,Elizabeth St-La Trobe St (East),470
406,2888033,2019-11-02T00:00:00.000,2019,November,2,Saturday,0,56,Lonsdale St - Elizabeth St (North),102
407,2888034,2019-11-02T00:00:00.000,2019,November,2,Saturday,0,57,Bourke St Bridge,35
408,2888035,2019-11-02T00:00:00.000,2019,November,2,Saturday,0,58,Bourke St - Spencer St (North),246
409,2888036,2019-11-02T00:00:00.000,2019,November,2,Saturday,0,59,Swanston St - RMIT Building 80,1
410,2888037,2019-11-02T00:00:00.000,2019,November,2,Saturday,0,61,Swanston St - RMIT Building 14,166
411,2888038,2019-11-02T00:00:00.000,2019,November,2,Saturday,0,62,La Trobe St (North),124
412,2888039,2019-11-02T01:00:00.000,2019,November,2,Saturday,1,4,Town Hall (West),375
413,2888040,2019-11-02T01:00:00.000,2019,November,2,Saturday,1,17,Collins Place (South),43
414,2888041,2019-11-02T01:00:00.000,2019,November,2,Saturday,1,18,Collins Place (North),14
415,2888042,2019-11-02T01:00:00.000,2019,November,2,Saturday,1,53,Collins St (North),105
416,2888043,2019-11-02T01:00:00.000,2019,November,2,Saturday,1,2,Bourke Street Mall (South),92
417,2888044,2019-11-02T01:00:00.000,2019,November,2,Saturday,1,1,Bourke Street Mall (North),142
418,2888045,2019-11-02T01:00:00.000,2019,November,2,Saturday,1,3,Melbourne Central,505
419,2888046,2019-11-02T01:00:00.000,2019,November,2,Saturday,1,15,State Library,222
420,2888047,2019-11-02T01:00:00.000,2019,November,2,Saturday,1,9,Southern Cross Station,19
421,2888048,2019-11-02T01:00:00.000,2019,November,2,Saturday,1,10,Victoria Point,8
422,2888049,2019-11-02T01:00:00.000,2019,November,2,Saturday,1,12,New Quay,40
423,2888050,2019-11-02T01:00:00.000,2019,November,2,Saturday,1,11,Waterfront City,3
424,2888051,2019-11-02T01:00:00.000,2019,November,2,Saturday,1,8,Webb Bridge,17
425,2888052,2019-11-02T01:00:00.000,2019,November,2,Saturday,1,7,Birrarung Marr,106
426,2888053,2019-11-02T01:00:00.000,2019,November,2,Saturday,1,5,Princes Bridge,300
427,2888054,2019-11-02T01:00:00.000,2019,November,2,Saturday,1,6,Flinders Street Station Underpass,497
428,2888055,2019-11-02T01:00:00.000,2019,November,2,Saturday,1,14,Sandridge Bridge,2
429,2888056,2019-11-02T01:00:00.000,2019,November,2,Saturday,1,26,QV Market-Elizabeth St (West),157
430,2888057,2019-11-02T01:00:00.000,2019,November,2,Saturday,1,24,Spencer St-Collins St (North),215
431,2888058,2019-11-02T01:00:00.000,2019,November,2,Saturday,1,23,Spencer St-Collins St (South),80
432,2888059,2019-11-02T01:00:00.000,2019,November,2,Saturday,1,25,Melbourne Convention Exhibition Centre,259
433,2888060,2019-11-02T01:00:00.000,2019,November,2,Saturday,1,21,Bourke St-Russell St (West),441
434,2888061,2019-11-02T01:00:00.000,2019,November,2,Saturday,1,20,Chinatown-Lt Bourke St (South),176
435,2888062,2019-11-02T01:00:00.000,2019,November,2,Saturday,1,19,Chinatown-Swanston St (North),308
436,2888063,2019-11-02T01:00:00.000,2019,November,2,Saturday,1,22,Flinders St-Elizabeth St (East),453
437,2888064,2019-11-02T01:00:00.000,2019,November,2,Saturday,1,27,QV Market-Peel St,26
438,2888065,2019-11-02T01:00:00.000,2019,November,2,Saturday,1,28,The Arts Centre,74
439,2888066,2019-11-02T01:00:00.000,2019,November,2,Saturday,1,31,Lygon St (West),110
440,2888067,2019-11-02T01:00:00.000,2019,November,2,Saturday,1,30,Lonsdale St (South),460
441,2888068,2019-11-02T01:00:00.000,2019,November,2,Saturday,1,34,Flinders St-Spark La,21
442,2888069,2019-11-02T01:00:00.000,2019,November,2,Saturday,1,39,Alfred Place,10
443,2888070,2019-11-02T01:00:00.000,2019,November,2,Saturday,1,37,Lygon St (East),23
444,2888071,2019-11-02T01:00:00.000,2019,November,2,Saturday,1,40,Lonsdale St-Spring St (West),62
445,2888072,2019-11-02T01:00:00.000,2019,November,2,Saturday,1,36,Queen St (West),298
446,2888073,2019-11-02T01:00:00.000,2019,November,2,Saturday,1,29,St Kilda Rd-Alexandra Gardens,38
447,2888074,2019-11-02T01:00:00.000,2019,November,2,Saturday,1,42,Grattan St-Swanston St (West),329
448,2888075,2019-11-02T01:00:00.000,2019,November,2,Saturday,1,43,Monash Rd-Swanston St (West),16
449,2888076,2019-11-02T01:00:00.000,2019,November,2,Saturday,1,44,Tin Alley-Swanston St (West),9
450,2888077,2019-11-02T01:00:00.000,2019,November,2,Saturday,1,35,Southbank,304
451,2888078,2019-11-02T01:00:00.000,2019,November,2,Saturday,1,45,Little Collins St-Swanston St (East),248
452,2888079,2019-11-02T01:00:00.000,2019,November,2,Saturday,1,46,Pelham St (S),9
453,2888080,2019-11-02T01:00:00.000,2019,November,2,Saturday,1,47,Melbourne Central-Elizabeth St (East),260
454,2845162,2019-09-29T14:00:00.000,2019,September,29,Sunday,14,46,Pelham St (S),104
455,2888081,2019-11-02T01:00:00.000,2019,November,2,Saturday,1,48,QVM-Queen St (East),33
456,2888082,2019-11-02T01:00:00.000,2019,November,2,Saturday,1,49,QVM-Therry St (South),94
457,2888083,2019-11-02T01:00:00.000,2019,November,2,Saturday,1,50,Faraday St-Lygon St (West),19
458,2888084,2019-11-02T01:00:00.000,2019,November,2,Saturday,1,51,QVM-Franklin St (North),38
459,2888085,2019-11-02T01:00:00.000,2019,November,2,Saturday,1,52,Elizabeth St-Lonsdale St (South),249
460,2888086,2019-11-02T01:00:00.000,2019,November,2,Saturday,1,54,Lincoln-Swanston(West),37
461,2888087,2019-11-02T01:00:00.000,2019,November,2,Saturday,1,55,Elizabeth St-La Trobe St (East),328
462,2888088,2019-11-02T01:00:00.000,2019,November,2,Saturday,1,56,Lonsdale St - Elizabeth St (North),71
463,2888089,2019-11-02T01:00:00.000,2019,November,2,Saturday,1,57,Bourke St Bridge,27
464,2888090,2019-11-02T01:00:00.000,2019,November,2,Saturday,1,58,Bourke St - Spencer St (North),156
465,2888091,2019-11-02T01:00:00.000,2019,November,2,Saturday,1,59,Swanston St - RMIT Building 80,0
466,2888092,2019-11-02T01:00:00.000,2019,November,2,Saturday,1,61,Swanston St - RMIT Building 14,83
467,2888093,2019-11-02T01:00:00.000,2019,November,2,Saturday,1,62,La Trobe St (North),95
468,2888094,2019-11-02T02:00:00.000,2019,November,2,Saturday,2,4,Town Hall (West),205
469,2888095,2019-11-02T02:00:00.000,2019,November,2,Saturday,2,17,Collins Place (South),23
470,2888096,2019-11-02T02:00:00.000,2019,November,2,Saturday,2,18,Collins Place (North),15
471,2888097,2019-11-02T02:00:00.000,2019,November,2,Saturday,2,53,Collins St (North),45
472,2888098,2019-11-02T02:00:00.000,2019,November,2,Saturday,2,2,Bourke Street Mall (South),74
473,2888099,2019-11-02T02:00:00.000,2019,November,2,Saturday,2,1,Bourke Street Mall (North),63
474,2888100,2019-11-02T02:00:00.000,2019,November,2,Saturday,2,3,Melbourne Central,301
475,2888101,2019-11-02T02:00:00.000,2019,November,2,Saturday,2,15,State Library,83
476,2888102,2019-11-02T02:00:00.000,2019,November,2,Saturday,2,9,Southern Cross Station,15
477,2888103,2019-11-02T02:00:00.000,2019,November,2,Saturday,2,10,Victoria Point,10
478,2888104,2019-11-02T02:00:00.000,2019,November,2,Saturday,2,12,New Quay,4
479,2888105,2019-11-02T02:00:00.000,2019,November,2,Saturday,2,11,Waterfront City,0
480,2888106,2019-11-02T02:00:00.000,2019,November,2,Saturday,2,8,Webb Bridge,7
481,2888107,2019-11-02T02:00:00.000,2019,November,2,Saturday,2,7,Birrarung Marr,2
482,2888108,2019-11-02T02:00:00.000,2019,November,2,Saturday,2,5,Princes Bridge,111
483,2888109,2019-11-02T02:00:00.000,2019,November,2,Saturday,2,6,Flinders Street Station Underpass,195
484,2888110,2019-11-02T02:00:00.000,2019,November,2,Saturday,2,14,Sandridge Bridge,7
485,2888111,2019-11-02T02:00:00.000,2019,November,2,Saturday,2,26,QV Market-Elizabeth St (West),110
486,2888112,2019-11-02T02:00:00.000,2019,November,2,Saturday,2,24,Spencer St-Collins St (North),91
487,2888113,2019-11-02T02:00:00.000,2019,November,2,Saturday,2,23,Spencer St-Collins St (South),23
488,2888114,2019-11-02T02:00:00.000,2019,November,2,Saturday,2,25,Melbourne Convention Exhibition Centre,97
489,2888115,2019-11-02T02:00:00.000,2019,November,2,Saturday,2,21,Bourke St-Russell St (West),282
490,2888116,2019-11-02T02:00:00.000,2019,November,2,Saturday,2,20,Chinatown-Lt Bourke St (South),117
491,2888117,2019-11-02T02:00:00.000,2019,November,2,Saturday,2,19,Chinatown-Swanston St (North),92
492,2888118,2019-11-02T02:00:00.000,2019,November,2,Saturday,2,22,Flinders St-Elizabeth St (East),342
493,2888119,2019-11-02T02:00:00.000,2019,November,2,Saturday,2,27,QV Market-Peel St,15
494,2888120,2019-11-02T02:00:00.000,2019,November,2,Saturday,2,28,The Arts Centre,51
495,2888121,2019-11-02T02:00:00.000,2019,November,2,Saturday,2,31,Lygon St (West),17
496,2888122,2019-11-02T02:00:00.000,2019,November,2,Saturday,2,30,Lonsdale St (South),346
497,2888123,2019-11-02T02:00:00.000,2019,November,2,Saturday,2,34,Flinders St-Spark La,4
498,2888124,2019-11-02T02:00:00.000,2019,November,2,Saturday,2,39,Alfred Place,32
499,2888125,2019-11-02T02:00:00.000,2019,November,2,Saturday,2,37,Lygon St (East),10
500,2888126,2019-11-02T02:00:00.000,2019,November,2,Saturday,2,40,Lonsdale St-Spring St (West),18
501,2888127,2019-11-02T02:00:00.000,2019,November,2,Saturday,2,36,Queen St (West),153
502,2888128,2019-11-02T02:00:00.000,2019,November,2,Saturday,2,29,St Kilda Rd-Alexandra Gardens,14
503,2888129,2019-11-02T02:00:00.000,2019,November,2,Saturday,2,42,Grattan St-Swanston St (West),87
504,2888130,2019-11-02T02:00:00.000,2019,November,2,Saturday,2,43,Monash Rd-Swanston St (West),8
505,2888131,2019-11-02T02:00:00.000,2019,November,2,Saturday,2,44,Tin Alley-Swanston St (West),4
506,2888132,2019-11-02T02:00:00.000,2019,November,2,Saturday,2,35,Southbank,95
507,2888133,2019-11-02T02:00:00.000,2019,November,2,Saturday,2,45,Little Collins St-Swanston St (East),185
508,2888134,2019-11-02T02:00:00.000,2019,November,2,Saturday,2,46,Pelham St (S),0
509,2888135,2019-11-02T02:00:00.000,2019,November,2,Saturday,2,47,Melbourne Central-Elizabeth St (East),139
510,2888136,2019-11-02T02:00:00.000,2019,November,2,Saturday,2,48,QVM-Queen St (East),21
511,2888137,2019-11-02T02:00:00.000,2019,November,2,Saturday,2,49,QVM-Therry St (South),67
512,2888138,2019-11-02T02:00:00.000,2019,November,2,Saturday,2,50,Faraday St-Lygon St (West),9
513,2888139,2019-11-02T02:00:00.000,2019,November,2,Saturday,2,51,QVM-Franklin St (North),19
514,2888140,2019-11-02T02:00:00.000,2019,November,2,Saturday,2,52,Elizabeth St-Lonsdale St (South),131
515,2888141,2019-11-02T02:00:00.000,2019,November,2,Saturday,2,54,Lincoln-Swanston(West),22
516,2888142,2019-11-02T02:00:00.000,2019,November,2,Saturday,2,55,Elizabeth St-La Trobe St (East),208
517,2888143,2019-11-02T02:00:00.000,2019,November,2,Saturday,2,56,Lonsdale St - Elizabeth St (North),32
518,2888144,2019-11-02T02:00:00.000,2019,November,2,Saturday,2,57,Bourke St Bridge,9
519,2888145,2019-11-02T02:00:00.000,2019,November,2,Saturday,2,58,Bourke St - Spencer St (North),87
520,2888146,2019-11-02T02:00:00.000,2019,November,2,Saturday,2,59,Swanston St - RMIT Building 80,2
521,2888147,2019-11-02T02:00:00.000,2019,November,2,Saturday,2,61,Swanston St - RMIT Building 14,31
522,2888148,2019-11-02T02:00:00.000,2019,November,2,Saturday,2,62,La Trobe St (North),40
523,2888149,2019-11-02T03:00:00.000,2019,November,2,Saturday,3,4,Town Hall (West),96
524,2888150,2019-11-02T03:00:00.000,2019,November,2,Saturday,3,17,Collins Place (South),13
525,2888151,2019-11-02T03:00:00.000,2019,November,2,Saturday,3,18,Collins Place (North),11
526,2888152,2019-11-02T03:00:00.000,2019,November,2,Saturday,3,53,Collins St (North),49
527,2888153,2019-11-02T03:00:00.000,2019,November,2,Saturday,3,2,Bourke Street Mall (South),49
528,2888154,2019-11-02T03:00:00.000,2019,November,2,Saturday,3,1,Bourke Street Mall (North),38
529,2888155,2019-11-02T03:00:00.000,2019,November,2,Saturday,3,3,Melbourne Central,186
530,2888156,2019-11-02T03:00:00.000,2019,November,2,Saturday,3,15,State Library,58
531,2888157,2019-11-02T03:00:00.000,2019,November,2,Saturday,3,9,Southern Cross Station,9
532,2888158,2019-11-02T03:00:00.000,2019,November,2,Saturday,3,10,Victoria Point,5
533,2888159,2019-11-02T03:00:00.000,2019,November,2,Saturday,3,12,New Quay,7
534,2888160,2019-11-02T03:00:00.000,2019,November,2,Saturday,3,11,Waterfront City,0
535,2888161,2019-11-02T03:00:00.000,2019,November,2,Saturday,3,8,Webb Bridge,6
536,2888162,2019-11-02T03:00:00.000,2019,November,2,Saturday,3,7,Birrarung Marr,3
537,2888163,2019-11-02T03:00:00.000,2019,November,2,Saturday,3,5,Princes Bridge,106
538,2888164,2019-11-02T03:00:00.000,2019,November,2,Saturday,3,6,Flinders Street Station Underpass,122
539,2888165,2019-11-02T03:00:00.000,2019,November,2,Saturday,3,14,Sandridge Bridge,1
540,2888166,2019-11-02T03:00:00.000,2019,November,2,Saturday,3,26,QV Market-Elizabeth St (West),90
541,2888167,2019-11-02T03:00:00.000,2019,November,2,Saturday,3,24,Spencer St-Collins St (North),64
542,2888168,2019-11-02T03:00:00.000,2019,November,2,Saturday,3,23,Spencer St-Collins St (South),16
543,2888169,2019-11-02T03:00:00.000,2019,November,2,Saturday,3,25,Melbourne Convention Exhibition Centre,202
544,2888170,2019-11-02T03:00:00.000,2019,November,2,Saturday,3,21,Bourke St-Russell St (West),215
545,2888171,2019-11-02T03:00:00.000,2019,November,2,Saturday,3,20,Chinatown-Lt Bourke St (South),76
546,2888172,2019-11-02T03:00:00.000,2019,November,2,Saturday,3,19,Chinatown-Swanston St (North),61
547,2888173,2019-11-02T03:00:00.000,2019,November,2,Saturday,3,22,Flinders St-Elizabeth St (East),274
548,2888174,2019-11-02T03:00:00.000,2019,November,2,Saturday,3,27,QV Market-Peel St,7
549,2888175,2019-11-02T03:00:00.000,2019,November,2,Saturday,3,28,The Arts Centre,38
550,2888176,2019-11-02T03:00:00.000,2019,November,2,Saturday,3,31,Lygon St (West),5
551,2888177,2019-11-02T03:00:00.000,2019,November,2,Saturday,3,30,Lonsdale St (South),263
552,2888178,2019-11-02T03:00:00.000,2019,November,2,Saturday,3,34,Flinders St-Spark La,4
553,2888179,2019-11-02T03:00:00.000,2019,November,2,Saturday,3,39,Alfred Place,13
554,2888180,2019-11-02T03:00:00.000,2019,November,2,Saturday,3,37,Lygon St (East),6
555,2888181,2019-11-02T03:00:00.000,2019,November,2,Saturday,3,40,Lonsdale St-Spring St (West),18
556,2888182,2019-11-02T03:00:00.000,2019,November,2,Saturday,3,36,Queen St (West),123
557,2888183,2019-11-02T03:00:00.000,2019,November,2,Saturday,3,29,St Kilda Rd-Alexandra Gardens,16
558,2888184,2019-11-02T03:00:00.000,2019,November,2,Saturday,3,42,Grattan St-Swanston St (West),15
559,2888185,2019-11-02T03:00:00.000,2019,November,2,Saturday,3,43,Monash Rd-Swanston St (West),1
560,2888186,2019-11-02T03:00:00.000,2019,November,2,Saturday,3,44,Tin Alley-Swanston St (West),5
561,2888187,2019-11-02T03:00:00.000,2019,November,2,Saturday,3,35,Southbank,36
562,2888188,2019-11-02T03:00:00.000,2019,November,2,Saturday,3,45,Little Collins St-Swanston St (East),109
563,2888189,2019-11-02T03:00:00.000,2019,November,2,Saturday,3,46,Pelham St (S),9
564,2888190,2019-11-02T03:00:00.000,2019,November,2,Saturday,3,47,Melbourne Central-Elizabeth St (East),115
565,2888191,2019-11-02T03:00:00.000,2019,November,2,Saturday,3,48,QVM-Queen St (East),15
566,2845332,2019-09-29T18:00:00.000,2019,September,29,Sunday,18,10,Victoria Point,50
567,2888192,2019-11-02T03:00:00.000,2019,November,2,Saturday,3,49,QVM-Therry St (South),25
568,2888193,2019-11-02T03:00:00.000,2019,November,2,Saturday,3,50,Faraday St-Lygon St (West),2
569,2888194,2019-11-02T03:00:00.000,2019,November,2,Saturday,3,51,QVM-Franklin St (North),19
570,2888195,2019-11-02T03:00:00.000,2019,November,2,Saturday,3,52,Elizabeth St-Lonsdale St (South),174
571,2888196,2019-11-02T03:00:00.000,2019,November,2,Saturday,3,54,Lincoln-Swanston(West),15
572,2888197,2019-11-02T03:00:00.000,2019,November,2,Saturday,3,55,Elizabeth St-La Trobe St (East),219
573,2888198,2019-11-02T03:00:00.000,2019,November,2,Saturday,3,56,Lonsdale St - Elizabeth St (North),39
574,2888199,2019-11-02T03:00:00.000,2019,November,2,Saturday,3,57,Bourke St Bridge,3
575,2888200,2019-11-02T03:00:00.000,2019,November,2,Saturday,3,58,Bourke St - Spencer St (North),41
576,2888201,2019-11-02T03:00:00.000,2019,November,2,Saturday,3,59,Swanston St - RMIT Building 80,1
577,2888202,2019-11-02T03:00:00.000,2019,November,2,Saturday,3,61,Swanston St - RMIT Building 14,50
578,2888203,2019-11-02T03:00:00.000,2019,November,2,Saturday,3,62,La Trobe St (North),71
579,2888204,2019-11-02T04:00:00.000,2019,November,2,Saturday,4,4,Town Hall (West),78
580,2888205,2019-11-02T04:00:00.000,2019,November,2,Saturday,4,17,Collins Place (South),6
581,2888206,2019-11-02T04:00:00.000,2019,November,2,Saturday,4,18,Collins Place (North),1
582,2888207,2019-11-02T04:00:00.000,2019,November,2,Saturday,4,53,Collins St (North),12
583,2888208,2019-11-02T04:00:00.000,2019,November,2,Saturday,4,2,Bourke Street Mall (South),26
584,2888209,2019-11-02T04:00:00.000,2019,November,2,Saturday,4,1,Bourke Street Mall (North),24
585,2888210,2019-11-02T04:00:00.000,2019,November,2,Saturday,4,3,Melbourne Central,127
586,2888211,2019-11-02T04:00:00.000,2019,November,2,Saturday,4,15,State Library,28
587,2888212,2019-11-02T04:00:00.000,2019,November,2,Saturday,4,9,Southern Cross Station,2
588,2888213,2019-11-02T04:00:00.000,2019,November,2,Saturday,4,10,Victoria Point,1
589,2888214,2019-11-02T04:00:00.000,2019,November,2,Saturday,4,12,New Quay,1
590,2888215,2019-11-02T04:00:00.000,2019,November,2,Saturday,4,11,Waterfront City,6
591,2888216,2019-11-02T04:00:00.000,2019,November,2,Saturday,4,8,Webb Bridge,2
592,2888217,2019-11-02T04:00:00.000,2019,November,2,Saturday,4,7,Birrarung Marr,12
593,2888218,2019-11-02T04:00:00.000,2019,November,2,Saturday,4,5,Princes Bridge,69
594,2888219,2019-11-02T04:00:00.000,2019,November,2,Saturday,4,6,Flinders Street Station Underpass,99
595,2888220,2019-11-02T04:00:00.000,2019,November,2,Saturday,4,14,Sandridge Bridge,3
596,2888221,2019-11-02T04:00:00.000,2019,November,2,Saturday,4,26,QV Market-Elizabeth St (West),63
597,2888222,2019-11-02T04:00:00.000,2019,November,2,Saturday,4,24,Spencer St-Collins St (North),56
598,2888223,2019-11-02T04:00:00.000,2019,November,2,Saturday,4,23,Spencer St-Collins St (South),12
599,2888224,2019-11-02T04:00:00.000,2019,November,2,Saturday,4,25,Melbourne Convention Exhibition Centre,47
600,2888225,2019-11-02T04:00:00.000,2019,November,2,Saturday,4,21,Bourke St-Russell St (West),195
601,2888226,2019-11-02T04:00:00.000,2019,November,2,Saturday,4,20,Chinatown-Lt Bourke St (South),25
602,2888227,2019-11-02T04:00:00.000,2019,November,2,Saturday,4,19,Chinatown-Swanston St (North),36
603,2888228,2019-11-02T04:00:00.000,2019,November,2,Saturday,4,22,Flinders St-Elizabeth St (East),244
604,2888229,2019-11-02T04:00:00.000,2019,November,2,Saturday,4,27,QV Market-Peel St,10
605,2888230,2019-11-02T04:00:00.000,2019,November,2,Saturday,4,28,The Arts Centre,37
606,2888231,2019-11-02T04:00:00.000,2019,November,2,Saturday,4,31,Lygon St (West),19
607,2888232,2019-11-02T04:00:00.000,2019,November,2,Saturday,4,30,Lonsdale St (South),159
608,2888233,2019-11-02T04:00:00.000,2019,November,2,Saturday,4,34,Flinders St-Spark La,6
609,2888234,2019-11-02T04:00:00.000,2019,November,2,Saturday,4,39,Alfred Place,17
610,2888235,2019-11-02T04:00:00.000,2019,November,2,Saturday,4,37,Lygon St (East),6
611,2888236,2019-11-02T04:00:00.000,2019,November,2,Saturday,4,40,Lonsdale St-Spring St (West),5
612,2888237,2019-11-02T04:00:00.000,2019,November,2,Saturday,4,36,Queen St (West),83
613,2888238,2019-11-02T04:00:00.000,2019,November,2,Saturday,4,29,St Kilda Rd-Alexandra Gardens,12
614,2888239,2019-11-02T04:00:00.000,2019,November,2,Saturday,4,42,Grattan St-Swanston St (West),13
615,2888240,2019-11-02T04:00:00.000,2019,November,2,Saturday,4,43,Monash Rd-Swanston St (West),3
616,2888241,2019-11-02T04:00:00.000,2019,November,2,Saturday,4,44,Tin Alley-Swanston St (West),4
617,2888242,2019-11-02T04:00:00.000,2019,November,2,Saturday,4,35,Southbank,22
618,2888243,2019-11-02T04:00:00.000,2019,November,2,Saturday,4,45,Little Collins St-Swanston St (East),33
619,2888244,2019-11-02T04:00:00.000,2019,November,2,Saturday,4,46,Pelham St (S),2
620,2888245,2019-11-02T04:00:00.000,2019,November,2,Saturday,4,47,Melbourne Central-Elizabeth St (East),62
621,2888246,2019-11-02T04:00:00.000,2019,November,2,Saturday,4,48,QVM-Queen St (East),21
622,2888247,2019-11-02T04:00:00.000,2019,November,2,Saturday,4,49,QVM-Therry St (South),41
623,2888248,2019-11-02T04:00:00.000,2019,November,2,Saturday,4,50,Faraday St-Lygon St (West),4
624,2888249,2019-11-02T04:00:00.000,2019,November,2,Saturday,4,51,QVM-Franklin St (North),10
625,2888250,2019-11-02T04:00:00.000,2019,November,2,Saturday,4,52,Elizabeth St-Lonsdale St (South),32
626,2888251,2019-11-02T04:00:00.000,2019,November,2,Saturday,4,54,Lincoln-Swanston(West),8
627,2888252,2019-11-02T04:00:00.000,2019,November,2,Saturday,4,55,Elizabeth St-La Trobe St (East),115
628,2888253,2019-11-02T04:00:00.000,2019,November,2,Saturday,4,56,Lonsdale St - Elizabeth St (North),21
629,2888254,2019-11-02T04:00:00.000,2019,November,2,Saturday,4,57,Bourke St Bridge,11
630,2888255,2019-11-02T04:00:00.000,2019,November,2,Saturday,4,58,Bourke St - Spencer St (North),28
631,2888256,2019-11-02T04:00:00.000,2019,November,2,Saturday,4,59,Swanston St - RMIT Building 80,2
632,2888257,2019-11-02T04:00:00.000,2019,November,2,Saturday,4,61,Swanston St - RMIT Building 14,18
633,2888258,2019-11-02T04:00:00.000,2019,November,2,Saturday,4,62,La Trobe St (North),27
634,2888259,2019-11-02T05:00:00.000,2019,November,2,Saturday,5,4,Town Hall (West),58
635,2888260,2019-11-02T05:00:00.000,2019,November,2,Saturday,5,17,Collins Place (South),21
636,2888261,2019-11-02T05:00:00.000,2019,November,2,Saturday,5,18,Collins Place (North),6
637,2888262,2019-11-02T05:00:00.000,2019,November,2,Saturday,5,53,Collins St (North),33
638,2888263,2019-11-02T05:00:00.000,2019,November,2,Saturday,5,2,Bourke Street Mall (South),20
639,2888264,2019-11-02T05:00:00.000,2019,November,2,Saturday,5,1,Bourke Street Mall (North),25
640,2888265,2019-11-02T05:00:00.000,2019,November,2,Saturday,5,3,Melbourne Central,68
641,2888266,2019-11-02T05:00:00.000,2019,November,2,Saturday,5,15,State Library,23
642,2888267,2019-11-02T05:00:00.000,2019,November,2,Saturday,5,9,Southern Cross Station,6
643,2888268,2019-11-02T05:00:00.000,2019,November,2,Saturday,5,10,Victoria Point,14
644,2888269,2019-11-02T05:00:00.000,2019,November,2,Saturday,5,12,New Quay,5
645,2888270,2019-11-02T05:00:00.000,2019,November,2,Saturday,5,11,Waterfront City,0
646,2888271,2019-11-02T05:00:00.000,2019,November,2,Saturday,5,8,Webb Bridge,4
647,2888272,2019-11-02T05:00:00.000,2019,November,2,Saturday,5,7,Birrarung Marr,5
648,2888273,2019-11-02T05:00:00.000,2019,November,2,Saturday,5,5,Princes Bridge,52
649,2888274,2019-11-02T05:00:00.000,2019,November,2,Saturday,5,6,Flinders Street Station Underpass,99
650,2888275,2019-11-02T05:00:00.000,2019,November,2,Saturday,5,14,Sandridge Bridge,3
651,2888276,2019-11-02T05:00:00.000,2019,November,2,Saturday,5,26,QV Market-Elizabeth St (West),57
652,2888277,2019-11-02T05:00:00.000,2019,November,2,Saturday,5,24,Spencer St-Collins St (North),126
653,2888278,2019-11-02T05:00:00.000,2019,November,2,Saturday,5,23,Spencer St-Collins St (South),23
654,2888279,2019-11-02T05:00:00.000,2019,November,2,Saturday,5,25,Melbourne Convention Exhibition Centre,45
655,2888280,2019-11-02T05:00:00.000,2019,November,2,Saturday,5,21,Bourke St-Russell St (West),131
656,2888281,2019-11-02T05:00:00.000,2019,November,2,Saturday,5,20,Chinatown-Lt Bourke St (South),25
657,2888282,2019-11-02T05:00:00.000,2019,November,2,Saturday,5,19,Chinatown-Swanston St (North),28
658,2888283,2019-11-02T05:00:00.000,2019,November,2,Saturday,5,22,Flinders St-Elizabeth St (East),151
659,2888284,2019-11-02T05:00:00.000,2019,November,2,Saturday,5,27,QV Market-Peel St,14
660,2888285,2019-11-02T05:00:00.000,2019,November,2,Saturday,5,28,The Arts Centre,32
661,2888286,2019-11-02T05:00:00.000,2019,November,2,Saturday,5,31,Lygon St (West),24
662,2888287,2019-11-02T05:00:00.000,2019,November,2,Saturday,5,30,Lonsdale St (South),122
663,2888288,2019-11-02T05:00:00.000,2019,November,2,Saturday,5,34,Flinders St-Spark La,7
664,2888289,2019-11-02T05:00:00.000,2019,November,2,Saturday,5,39,Alfred Place,9
665,2888290,2019-11-02T05:00:00.000,2019,November,2,Saturday,5,37,Lygon St (East),12
666,2888291,2019-11-02T05:00:00.000,2019,November,2,Saturday,5,40,Lonsdale St-Spring St (West),13
667,2888292,2019-11-02T05:00:00.000,2019,November,2,Saturday,5,36,Queen St (West),20
668,2888293,2019-11-02T05:00:00.000,2019,November,2,Saturday,5,29,St Kilda Rd-Alexandra Gardens,9
669,2888294,2019-11-02T05:00:00.000,2019,November,2,Saturday,5,42,Grattan St-Swanston St (West),6
670,2888295,2019-11-02T05:00:00.000,2019,November,2,Saturday,5,43,Monash Rd-Swanston St (West),2
671,2888296,2019-11-02T05:00:00.000,2019,November,2,Saturday,5,44,Tin Alley-Swanston St (West),2
672,2888297,2019-11-02T05:00:00.000,2019,November,2,Saturday,5,35,Southbank,48
673,2888298,2019-11-02T05:00:00.000,2019,November,2,Saturday,5,45,Little Collins St-Swanston St (East),46
674,2888299,2019-11-02T05:00:00.000,2019,November,2,Saturday,5,46,Pelham St (S),3
675,2888300,2019-11-02T05:00:00.000,2019,November,2,Saturday,5,47,Melbourne Central-Elizabeth St (East),41
676,2888301,2019-11-02T05:00:00.000,2019,November,2,Saturday,5,48,QVM-Queen St (East),14
677,2888302,2019-11-02T05:00:00.000,2019,November,2,Saturday,5,49,QVM-Therry St (South),31
678,2888303,2019-11-02T05:00:00.000,2019,November,2,Saturday,5,50,Faraday St-Lygon St (West),11
679,2888304,2019-11-02T05:00:00.000,2019,November,2,Saturday,5,51,QVM-Franklin St (North),9
680,2888305,2019-11-02T05:00:00.000,2019,November,2,Saturday,5,52,Elizabeth St-Lonsdale St (South),18
681,2888306,2019-11-02T05:00:00.000,2019,November,2,Saturday,5,54,Lincoln-Swanston(West),6
682,2888307,2019-11-02T05:00:00.000,2019,November,2,Saturday,5,55,Elizabeth St-La Trobe St (East),80
683,2888308,2019-11-02T05:00:00.000,2019,November,2,Saturday,5,56,Lonsdale St - Elizabeth St (North),6
684,2888309,2019-11-02T05:00:00.000,2019,November,2,Saturday,5,57,Bourke St Bridge,7
685,2888310,2019-11-02T05:00:00.000,2019,November,2,Saturday,5,58,Bourke St - Spencer St (North),45
686,2888311,2019-11-02T05:00:00.000,2019,November,2,Saturday,5,59,Swanston St - RMIT Building 80,0
687,2888312,2019-11-02T05:00:00.000,2019,November,2,Saturday,5,61,Swanston St - RMIT Building 14,28
688,2888313,2019-11-02T05:00:00.000,2019,November,2,Saturday,5,62,La Trobe St (North),16
689,2888314,2019-11-02T06:00:00.000,2019,November,2,Saturday,6,4,Town Hall (West),102
690,2888315,2019-11-02T06:00:00.000,2019,November,2,Saturday,6,17,Collins Place (South),61
691,2888316,2019-11-02T06:00:00.000,2019,November,2,Saturday,6,18,Collins Place (North),27
692,2888317,2019-11-02T06:00:00.000,2019,November,2,Saturday,6,53,Collins St (North),60
693,2888318,2019-11-02T06:00:00.000,2019,November,2,Saturday,6,2,Bourke Street Mall (South),106
694,2888319,2019-11-02T06:00:00.000,2019,November,2,Saturday,6,1,Bourke Street Mall (North),85
695,2888320,2019-11-02T06:00:00.000,2019,November,2,Saturday,6,3,Melbourne Central,118
696,2888321,2019-11-02T06:00:00.000,2019,November,2,Saturday,6,15,State Library,33
697,2888322,2019-11-02T06:00:00.000,2019,November,2,Saturday,6,9,Southern Cross Station,31
698,2888323,2019-11-02T06:00:00.000,2019,November,2,Saturday,6,10,Victoria Point,15
699,2888324,2019-11-02T06:00:00.000,2019,November,2,Saturday,6,12,New Quay,20
700,2888325,2019-11-02T06:00:00.000,2019,November,2,Saturday,6,11,Waterfront City,12
701,2888326,2019-11-02T06:00:00.000,2019,November,2,Saturday,6,8,Webb Bridge,9
702,2888327,2019-11-02T06:00:00.000,2019,November,2,Saturday,6,7,Birrarung Marr,29
703,2888328,2019-11-02T06:00:00.000,2019,November,2,Saturday,6,5,Princes Bridge,69
704,2888329,2019-11-02T06:00:00.000,2019,November,2,Saturday,6,6,Flinders Street Station Underpass,207
705,2888330,2019-11-02T06:00:00.000,2019,November,2,Saturday,6,14,Sandridge Bridge,4
706,2888331,2019-11-02T06:00:00.000,2019,November,2,Saturday,6,26,QV Market-Elizabeth St (West),130
707,2888332,2019-11-02T06:00:00.000,2019,November,2,Saturday,6,24,Spencer St-Collins St (North),201
708,2888333,2019-11-02T06:00:00.000,2019,November,2,Saturday,6,23,Spencer St-Collins St (South),38
709,2888334,2019-11-02T06:00:00.000,2019,November,2,Saturday,6,25,Melbourne Convention Exhibition Centre,143
710,2888335,2019-11-02T06:00:00.000,2019,November,2,Saturday,6,21,Bourke St-Russell St (West),92
711,2888336,2019-11-02T06:00:00.000,2019,November,2,Saturday,6,20,Chinatown-Lt Bourke St (South),24
712,2888337,2019-11-02T06:00:00.000,2019,November,2,Saturday,6,19,Chinatown-Swanston St (North),38
713,2888338,2019-11-02T06:00:00.000,2019,November,2,Saturday,6,22,Flinders St-Elizabeth St (East),203
714,2888339,2019-11-02T06:00:00.000,2019,November,2,Saturday,6,27,QV Market-Peel St,31
715,2888340,2019-11-02T06:00:00.000,2019,November,2,Saturday,6,28,The Arts Centre,45
716,2888341,2019-11-02T06:00:00.000,2019,November,2,Saturday,6,31,Lygon St (West),19
717,2888342,2019-11-02T06:00:00.000,2019,November,2,Saturday,6,30,Lonsdale St (South),120
718,2888343,2019-11-02T06:00:00.000,2019,November,2,Saturday,6,34,Flinders St-Spark La,16
719,2888344,2019-11-02T06:00:00.000,2019,November,2,Saturday,6,39,Alfred Place,28
720,2888345,2019-11-02T06:00:00.000,2019,November,2,Saturday,6,37,Lygon St (East),9
721,2888346,2019-11-02T06:00:00.000,2019,November,2,Saturday,6,40,Lonsdale St-Spring St (West),27
722,2888347,2019-11-02T06:00:00.000,2019,November,2,Saturday,6,36,Queen St (West),24
723,2888348,2019-11-02T06:00:00.000,2019,November,2,Saturday,6,29,St Kilda Rd-Alexandra Gardens,44
724,2888349,2019-11-02T06:00:00.000,2019,November,2,Saturday,6,42,Grattan St-Swanston St (West),23
725,2888350,2019-11-02T06:00:00.000,2019,November,2,Saturday,6,43,Monash Rd-Swanston St (West),7
726,2888351,2019-11-02T06:00:00.000,2019,November,2,Saturday,6,44,Tin Alley-Swanston St (West),4
727,2888352,2019-11-02T06:00:00.000,2019,November,2,Saturday,6,35,Southbank,156
728,2888353,2019-11-02T06:00:00.000,2019,November,2,Saturday,6,45,Little Collins St-Swanston St (East),69
729,2888354,2019-11-02T06:00:00.000,2019,November,2,Saturday,6,46,Pelham St (S),5
730,2888355,2019-11-02T06:00:00.000,2019,November,2,Saturday,6,47,Melbourne Central-Elizabeth St (East),86
731,2888356,2019-11-02T06:00:00.000,2019,November,2,Saturday,6,48,QVM-Queen St (East),59
732,2888357,2019-11-02T06:00:00.000,2019,November,2,Saturday,6,49,QVM-Therry St (South),42
733,2888358,2019-11-02T06:00:00.000,2019,November,2,Saturday,6,50,Faraday St-Lygon St (West),16
734,2888359,2019-11-02T06:00:00.000,2019,November,2,Saturday,6,51,QVM-Franklin St (North),17
735,2888360,2019-11-02T06:00:00.000,2019,November,2,Saturday,6,52,Elizabeth St-Lonsdale St (South),39
736,2888361,2019-11-02T06:00:00.000,2019,November,2,Saturday,6,54,Lincoln-Swanston(West),4
737,2888362,2019-11-02T06:00:00.000,2019,November,2,Saturday,6,55,Elizabeth St-La Trobe St (East),100
738,2888363,2019-11-02T06:00:00.000,2019,November,2,Saturday,6,56,Lonsdale St - Elizabeth St (North),27
739,2888364,2019-11-02T06:00:00.000,2019,November,2,Saturday,6,57,Bourke St Bridge,23
740,2888365,2019-11-02T06:00:00.000,2019,November,2,Saturday,6,58,Bourke St - Spencer St (North),102
741,2888366,2019-11-02T06:00:00.000,2019,November,2,Saturday,6,59,Swanston St - RMIT Building 80,7
742,2888367,2019-11-02T06:00:00.000,2019,November,2,Saturday,6,61,Swanston St - RMIT Building 14,35
743,2888368,2019-11-02T06:00:00.000,2019,November,2,Saturday,6,62,La Trobe St (North),12
744,2888369,2019-11-02T07:00:00.000,2019,November,2,Saturday,7,4,Town Hall (West),269
745,2888370,2019-11-02T07:00:00.000,2019,November,2,Saturday,7,17,Collins Place (South),86
746,2888371,2019-11-02T07:00:00.000,2019,November,2,Saturday,7,18,Collins Place (North),44
747,2888372,2019-11-02T07:00:00.000,2019,November,2,Saturday,7,53,Collins St (North),114
748,2888373,2019-11-02T07:00:00.000,2019,November,2,Saturday,7,2,Bourke Street Mall (South),161
749,2888374,2019-11-02T07:00:00.000,2019,November,2,Saturday,7,1,Bourke Street Mall (North),162
750,2888375,2019-11-02T07:00:00.000,2019,November,2,Saturday,7,3,Melbourne Central,189
751,2888376,2019-11-02T07:00:00.000,2019,November,2,Saturday,7,15,State Library,118
752,2888377,2019-11-02T07:00:00.000,2019,November,2,Saturday,7,9,Southern Cross Station,61
753,2888378,2019-11-02T07:00:00.000,2019,November,2,Saturday,7,10,Victoria Point,17
754,2888379,2019-11-02T07:00:00.000,2019,November,2,Saturday,7,12,New Quay,56
755,2888380,2019-11-02T07:00:00.000,2019,November,2,Saturday,7,11,Waterfront City,15
756,2888381,2019-11-02T07:00:00.000,2019,November,2,Saturday,7,8,Webb Bridge,45
757,2888382,2019-11-02T07:00:00.000,2019,November,2,Saturday,7,7,Birrarung Marr,61
758,2888383,2019-11-02T07:00:00.000,2019,November,2,Saturday,7,5,Princes Bridge,189
759,2888384,2019-11-02T07:00:00.000,2019,November,2,Saturday,7,6,Flinders Street Station Underpass,446
760,2888385,2019-11-02T07:00:00.000,2019,November,2,Saturday,7,14,Sandridge Bridge,9
761,2888386,2019-11-02T07:00:00.000,2019,November,2,Saturday,7,26,QV Market-Elizabeth St (West),252
762,2888387,2019-11-02T07:00:00.000,2019,November,2,Saturday,7,24,Spencer St-Collins St (North),436
763,2888388,2019-11-02T07:00:00.000,2019,November,2,Saturday,7,23,Spencer St-Collins St (South),66
764,2888389,2019-11-02T07:00:00.000,2019,November,2,Saturday,7,25,Melbourne Convention Exhibition Centre,207
765,2888390,2019-11-02T07:00:00.000,2019,November,2,Saturday,7,21,Bourke St-Russell St (West),86
766,2888391,2019-11-02T07:00:00.000,2019,November,2,Saturday,7,20,Chinatown-Lt Bourke St (South),31
767,2888392,2019-11-02T07:00:00.000,2019,November,2,Saturday,7,19,Chinatown-Swanston St (North),53
768,2888393,2019-11-02T07:00:00.000,2019,November,2,Saturday,7,22,Flinders St-Elizabeth St (East),448
769,2888394,2019-11-02T07:00:00.000,2019,November,2,Saturday,7,27,QV Market-Peel St,81
770,2888395,2019-11-02T07:00:00.000,2019,November,2,Saturday,7,28,The Arts Centre,104
771,2888396,2019-11-02T07:00:00.000,2019,November,2,Saturday,7,31,Lygon St (West),46
772,2888397,2019-11-02T07:00:00.000,2019,November,2,Saturday,7,30,Lonsdale St (South),69
773,2888398,2019-11-02T07:00:00.000,2019,November,2,Saturday,7,34,Flinders St-Spark La,37
774,2888399,2019-11-02T07:00:00.000,2019,November,2,Saturday,7,39,Alfred Place,53
775,2888400,2019-11-02T07:00:00.000,2019,November,2,Saturday,7,37,Lygon St (East),22
776,2888401,2019-11-02T07:00:00.000,2019,November,2,Saturday,7,40,Lonsdale St-Spring St (West),55
777,2888402,2019-11-02T07:00:00.000,2019,November,2,Saturday,7,36,Queen St (West),72
778,2888403,2019-11-02T07:00:00.000,2019,November,2,Saturday,7,29,St Kilda Rd-Alexandra Gardens,111
779,2888404,2019-11-02T07:00:00.000,2019,November,2,Saturday,7,42,Grattan St-Swanston St (West),28
780,2888405,2019-11-02T07:00:00.000,2019,November,2,Saturday,7,43,Monash Rd-Swanston St (West),22
781,2888406,2019-11-02T07:00:00.000,2019,November,2,Saturday,7,44,Tin Alley-Swanston St (West),12
782,2888407,2019-11-02T07:00:00.000,2019,November,2,Saturday,7,35,Southbank,344
783,2888408,2019-11-02T07:00:00.000,2019,November,2,Saturday,7,45,Little Collins St-Swanston St (East),158
784,2888409,2019-11-02T07:00:00.000,2019,November,2,Saturday,7,46,Pelham St (S),23
785,2888410,2019-11-02T07:00:00.000,2019,November,2,Saturday,7,47,Melbourne Central-Elizabeth St (East),214
786,2888411,2019-11-02T07:00:00.000,2019,November,2,Saturday,7,48,QVM-Queen St (East),163
787,2888412,2019-11-02T07:00:00.000,2019,November,2,Saturday,7,49,QVM-Therry St (South),89
788,2888413,2019-11-02T07:00:00.000,2019,November,2,Saturday,7,50,Faraday St-Lygon St (West),37
789,2888414,2019-11-02T07:00:00.000,2019,November,2,Saturday,7,51,QVM-Franklin St (North),32
790,2845333,2019-09-29T18:00:00.000,2019,September,29,Sunday,18,12,New Quay,323
791,2888415,2019-11-02T07:00:00.000,2019,November,2,Saturday,7,52,Elizabeth St-Lonsdale St (South),51
792,2888416,2019-11-02T07:00:00.000,2019,November,2,Saturday,7,54,Lincoln-Swanston(West),20
793,2888417,2019-11-02T07:00:00.000,2019,November,2,Saturday,7,55,Elizabeth St-La Trobe St (East),235
794,2888418,2019-11-02T07:00:00.000,2019,November,2,Saturday,7,56,Lonsdale St - Elizabeth St (North),55
795,2888419,2019-11-02T07:00:00.000,2019,November,2,Saturday,7,57,Bourke St Bridge,55
796,2888420,2019-11-02T07:00:00.000,2019,November,2,Saturday,7,58,Bourke St - Spencer St (North),189
797,2888421,2019-11-02T07:00:00.000,2019,November,2,Saturday,7,59,Swanston St - RMIT Building 80,16
798,2888422,2019-11-02T07:00:00.000,2019,November,2,Saturday,7,61,Swanston St - RMIT Building 14,72
799,2888423,2019-11-02T07:00:00.000,2019,November,2,Saturday,7,62,La Trobe St (North),37
800,2888424,2019-11-02T08:00:00.000,2019,November,2,Saturday,8,4,Town Hall (West),404
801,2888425,2019-11-02T08:00:00.000,2019,November,2,Saturday,8,17,Collins Place (South),128
802,2888426,2019-11-02T08:00:00.000,2019,November,2,Saturday,8,18,Collins Place (North),55
803,2888427,2019-11-02T08:00:00.000,2019,November,2,Saturday,8,53,Collins St (North),272
804,2888428,2019-11-02T08:00:00.000,2019,November,2,Saturday,8,2,Bourke Street Mall (South),309
805,2888429,2019-11-02T08:00:00.000,2019,November,2,Saturday,8,1,Bourke Street Mall (North),385
806,2888430,2019-11-02T08:00:00.000,2019,November,2,Saturday,8,3,Melbourne Central,309
807,2888431,2019-11-02T08:00:00.000,2019,November,2,Saturday,8,15,State Library,217
808,2888432,2019-11-02T08:00:00.000,2019,November,2,Saturday,8,9,Southern Cross Station,79
809,2888433,2019-11-02T08:00:00.000,2019,November,2,Saturday,8,10,Victoria Point,60
810,2888434,2019-11-02T08:00:00.000,2019,November,2,Saturday,8,12,New Quay,64
811,2888435,2019-11-02T08:00:00.000,2019,November,2,Saturday,8,11,Waterfront City,12
812,2888436,2019-11-02T08:00:00.000,2019,November,2,Saturday,8,8,Webb Bridge,44
813,2888437,2019-11-02T08:00:00.000,2019,November,2,Saturday,8,7,Birrarung Marr,32
814,2888438,2019-11-02T08:00:00.000,2019,November,2,Saturday,8,5,Princes Bridge,319
815,2888439,2019-11-02T08:00:00.000,2019,November,2,Saturday,8,6,Flinders Street Station Underpass,608
816,2888440,2019-11-02T08:00:00.000,2019,November,2,Saturday,8,14,Sandridge Bridge,7
817,2888441,2019-11-02T08:00:00.000,2019,November,2,Saturday,8,26,QV Market-Elizabeth St (West),360
818,2888442,2019-11-02T08:00:00.000,2019,November,2,Saturday,8,24,Spencer St-Collins St (North),766
819,2888443,2019-11-02T08:00:00.000,2019,November,2,Saturday,8,23,Spencer St-Collins St (South),132
820,2888444,2019-11-02T08:00:00.000,2019,November,2,Saturday,8,25,Melbourne Convention Exhibition Centre,355
821,2888445,2019-11-02T08:00:00.000,2019,November,2,Saturday,8,21,Bourke St-Russell St (West),136
822,2888446,2019-11-02T08:00:00.000,2019,November,2,Saturday,8,20,Chinatown-Lt Bourke St (South),61
823,2888447,2019-11-02T08:00:00.000,2019,November,2,Saturday,8,19,Chinatown-Swanston St (North),91
824,2888448,2019-11-02T08:00:00.000,2019,November,2,Saturday,8,22,Flinders St-Elizabeth St (East),847
825,2888449,2019-11-02T08:00:00.000,2019,November,2,Saturday,8,27,QV Market-Peel St,166
826,2888450,2019-11-02T08:00:00.000,2019,November,2,Saturday,8,28,The Arts Centre,208
827,2888451,2019-11-02T08:00:00.000,2019,November,2,Saturday,8,31,Lygon St (West),85
828,2888452,2019-11-02T08:00:00.000,2019,November,2,Saturday,8,30,Lonsdale St (South),101
829,2888453,2019-11-02T08:00:00.000,2019,November,2,Saturday,8,34,Flinders St-Spark La,36
830,2888454,2019-11-02T08:00:00.000,2019,November,2,Saturday,8,39,Alfred Place,99
831,2888455,2019-11-02T08:00:00.000,2019,November,2,Saturday,8,37,Lygon St (East),69
832,2888456,2019-11-02T08:00:00.000,2019,November,2,Saturday,8,40,Lonsdale St-Spring St (West),88
833,2888457,2019-11-02T08:00:00.000,2019,November,2,Saturday,8,36,Queen St (West),148
834,2888458,2019-11-02T08:00:00.000,2019,November,2,Saturday,8,29,St Kilda Rd-Alexandra Gardens,69
835,2888459,2019-11-02T08:00:00.000,2019,November,2,Saturday,8,42,Grattan St-Swanston St (West),48
836,2888460,2019-11-02T08:00:00.000,2019,November,2,Saturday,8,43,Monash Rd-Swanston St (West),49
837,2888461,2019-11-02T08:00:00.000,2019,November,2,Saturday,8,44,Tin Alley-Swanston St (West),29
838,2888462,2019-11-02T08:00:00.000,2019,November,2,Saturday,8,35,Southbank,428
839,2888463,2019-11-02T08:00:00.000,2019,November,2,Saturday,8,45,Little Collins St-Swanston St (East),185
840,2888464,2019-11-02T08:00:00.000,2019,November,2,Saturday,8,46,Pelham St (S),56
841,2888465,2019-11-02T08:00:00.000,2019,November,2,Saturday,8,47,Melbourne Central-Elizabeth St (East),350
842,2888466,2019-11-02T08:00:00.000,2019,November,2,Saturday,8,48,QVM-Queen St (East),201
843,2888467,2019-11-02T08:00:00.000,2019,November,2,Saturday,8,49,QVM-Therry St (South),110
844,2888468,2019-11-02T08:00:00.000,2019,November,2,Saturday,8,50,Faraday St-Lygon St (West),89
845,2888469,2019-11-02T08:00:00.000,2019,November,2,Saturday,8,51,QVM-Franklin St (North),52
846,2845334,2019-09-29T18:00:00.000,2019,September,29,Sunday,18,11,Waterfront City,98
847,2888470,2019-11-02T08:00:00.000,2019,November,2,Saturday,8,52,Elizabeth St-Lonsdale St (South),237
848,2888471,2019-11-02T08:00:00.000,2019,November,2,Saturday,8,54,Lincoln-Swanston(West),46
849,2888472,2019-11-02T08:00:00.000,2019,November,2,Saturday,8,55,Elizabeth St-La Trobe St (East),351
850,2888473,2019-11-02T08:00:00.000,2019,November,2,Saturday,8,56,Lonsdale St - Elizabeth St (North),151
851,2888474,2019-11-02T08:00:00.000,2019,November,2,Saturday,8,57,Bourke St Bridge,54
852,2888475,2019-11-02T08:00:00.000,2019,November,2,Saturday,8,58,Bourke St - Spencer St (North),312
853,2888476,2019-11-02T08:00:00.000,2019,November,2,Saturday,8,59,Swanston St - RMIT Building 80,20
854,2888477,2019-11-02T08:00:00.000,2019,November,2,Saturday,8,61,Swanston St - RMIT Building 14,155
855,2888478,2019-11-02T08:00:00.000,2019,November,2,Saturday,8,62,La Trobe St (North),37
856,2888479,2019-11-02T09:00:00.000,2019,November,2,Saturday,9,4,Town Hall (West),825
857,2888480,2019-11-02T09:00:00.000,2019,November,2,Saturday,9,17,Collins Place (South),193
858,2888481,2019-11-02T09:00:00.000,2019,November,2,Saturday,9,18,Collins Place (North),82
859,2888482,2019-11-02T09:00:00.000,2019,November,2,Saturday,9,53,Collins St (North),556
860,2888483,2019-11-02T09:00:00.000,2019,November,2,Saturday,9,2,Bourke Street Mall (South),597
861,2888484,2019-11-02T09:00:00.000,2019,November,2,Saturday,9,1,Bourke Street Mall (North),765
862,2888485,2019-11-02T09:00:00.000,2019,November,2,Saturday,9,3,Melbourne Central,399
863,2888486,2019-11-02T09:00:00.000,2019,November,2,Saturday,9,15,State Library,317
864,2888487,2019-11-02T09:00:00.000,2019,November,2,Saturday,9,9,Southern Cross Station,87
865,2888488,2019-11-02T09:00:00.000,2019,November,2,Saturday,9,10,Victoria Point,51
866,2888489,2019-11-02T09:00:00.000,2019,November,2,Saturday,9,12,New Quay,42
867,2888490,2019-11-02T09:00:00.000,2019,November,2,Saturday,9,11,Waterfront City,5
868,2888491,2019-11-02T09:00:00.000,2019,November,2,Saturday,9,8,Webb Bridge,93
869,2888492,2019-11-02T09:00:00.000,2019,November,2,Saturday,9,7,Birrarung Marr,31
870,2888493,2019-11-02T09:00:00.000,2019,November,2,Saturday,9,5,Princes Bridge,487
871,2888494,2019-11-02T09:00:00.000,2019,November,2,Saturday,9,6,Flinders Street Station Underpass,745
872,2888495,2019-11-02T09:00:00.000,2019,November,2,Saturday,9,14,Sandridge Bridge,13
873,2888496,2019-11-02T09:00:00.000,2019,November,2,Saturday,9,26,QV Market-Elizabeth St (West),502
874,2888497,2019-11-02T09:00:00.000,2019,November,2,Saturday,9,24,Spencer St-Collins St (North),1135
875,2888498,2019-11-02T09:00:00.000,2019,November,2,Saturday,9,23,Spencer St-Collins St (South),215
876,2888499,2019-11-02T09:00:00.000,2019,November,2,Saturday,9,25,Melbourne Convention Exhibition Centre,622
877,2888500,2019-11-02T09:00:00.000,2019,November,2,Saturday,9,21,Bourke St-Russell St (West),195
878,2888501,2019-11-02T09:00:00.000,2019,November,2,Saturday,9,20,Chinatown-Lt Bourke St (South),84
879,2888502,2019-11-02T09:00:00.000,2019,November,2,Saturday,9,19,Chinatown-Swanston St (North),149
880,2888503,2019-11-02T09:00:00.000,2019,November,2,Saturday,9,22,Flinders St-Elizabeth St (East),1151
881,2888504,2019-11-02T09:00:00.000,2019,November,2,Saturday,9,27,QV Market-Peel St,198
882,2888505,2019-11-02T09:00:00.000,2019,November,2,Saturday,9,28,The Arts Centre,330
883,2888506,2019-11-02T09:00:00.000,2019,November,2,Saturday,9,31,Lygon St (West),112
884,2888507,2019-11-02T09:00:00.000,2019,November,2,Saturday,9,30,Lonsdale St (South),281
885,2888508,2019-11-02T09:00:00.000,2019,November,2,Saturday,9,34,Flinders St-Spark La,36
886,2888509,2019-11-02T09:00:00.000,2019,November,2,Saturday,9,39,Alfred Place,139
887,2888510,2019-11-02T09:00:00.000,2019,November,2,Saturday,9,37,Lygon St (East),74
888,2888511,2019-11-02T09:00:00.000,2019,November,2,Saturday,9,40,Lonsdale St-Spring St (West),151
889,2888512,2019-11-02T09:00:00.000,2019,November,2,Saturday,9,36,Queen St (West),135
890,2888513,2019-11-02T09:00:00.000,2019,November,2,Saturday,9,29,St Kilda Rd-Alexandra Gardens,92
891,2888514,2019-11-02T09:00:00.000,2019,November,2,Saturday,9,42,Grattan St-Swanston St (West),84
892,2888515,2019-11-02T09:00:00.000,2019,November,2,Saturday,9,43,Monash Rd-Swanston St (West),68
893,2888516,2019-11-02T09:00:00.000,2019,November,2,Saturday,9,44,Tin Alley-Swanston St (West),45
894,2888517,2019-11-02T09:00:00.000,2019,November,2,Saturday,9,35,Southbank,550
895,2888518,2019-11-02T09:00:00.000,2019,November,2,Saturday,9,45,Little Collins St-Swanston St (East),354
896,2888519,2019-11-02T09:00:00.000,2019,November,2,Saturday,9,46,Pelham St (S),57
897,2888520,2019-11-02T09:00:00.000,2019,November,2,Saturday,9,47,Melbourne Central-Elizabeth St (East),538
898,2888521,2019-11-02T09:00:00.000,2019,November,2,Saturday,9,48,QVM-Queen St (East),304
899,2888522,2019-11-02T09:00:00.000,2019,November,2,Saturday,9,49,QVM-Therry St (South),115
900,2888523,2019-11-02T09:00:00.000,2019,November,2,Saturday,9,50,Faraday St-Lygon St (West),210
901,2888524,2019-11-02T09:00:00.000,2019,November,2,Saturday,9,51,QVM-Franklin St (North),108
902,2888525,2019-11-02T09:00:00.000,2019,November,2,Saturday,9,52,Elizabeth St-Lonsdale St (South),203
903,2888526,2019-11-02T09:00:00.000,2019,November,2,Saturday,9,54,Lincoln-Swanston(West),105
904,2888527,2019-11-02T09:00:00.000,2019,November,2,Saturday,9,55,Elizabeth St-La Trobe St (East),654
905,2888528,2019-11-02T09:00:00.000,2019,November,2,Saturday,9,56,Lonsdale St - Elizabeth St (North),222
906,2888529,2019-11-02T09:00:00.000,2019,November,2,Saturday,9,57,Bourke St Bridge,66
907,2888530,2019-11-02T09:00:00.000,2019,November,2,Saturday,9,58,Bourke St - Spencer St (North),442
908,2888531,2019-11-02T09:00:00.000,2019,November,2,Saturday,9,59,Swanston St - RMIT Building 80,20
909,2888532,2019-11-02T09:00:00.000,2019,November,2,Saturday,9,61,Swanston St - RMIT Building 14,234
910,2888533,2019-11-02T09:00:00.000,2019,November,2,Saturday,9,62,La Trobe St (North),104
911,2888534,2019-11-02T10:00:00.000,2019,November,2,Saturday,10,4,Town Hall (West),1145
912,2888535,2019-11-02T10:00:00.000,2019,November,2,Saturday,10,17,Collins Place (South),196
913,2888536,2019-11-02T10:00:00.000,2019,November,2,Saturday,10,18,Collins Place (North),91
914,2888537,2019-11-02T10:00:00.000,2019,November,2,Saturday,10,53,Collins St (North),706
915,2888538,2019-11-02T10:00:00.000,2019,November,2,Saturday,10,2,Bourke Street Mall (South),929
916,2888539,2019-11-02T10:00:00.000,2019,November,2,Saturday,10,1,Bourke Street Mall (North),1305
917,2888540,2019-11-02T10:00:00.000,2019,November,2,Saturday,10,3,Melbourne Central,602
918,2888541,2019-11-02T10:00:00.000,2019,November,2,Saturday,10,15,State Library,479
919,2888542,2019-11-02T10:00:00.000,2019,November,2,Saturday,10,9,Southern Cross Station,85
920,2888543,2019-11-02T10:00:00.000,2019,November,2,Saturday,10,10,Victoria Point,49
921,2888544,2019-11-02T10:00:00.000,2019,November,2,Saturday,10,12,New Quay,49
922,2888545,2019-11-02T10:00:00.000,2019,November,2,Saturday,10,11,Waterfront City,10
923,2888546,2019-11-02T10:00:00.000,2019,November,2,Saturday,10,8,Webb Bridge,81
924,2888547,2019-11-02T10:00:00.000,2019,November,2,Saturday,10,7,Birrarung Marr,41
925,2888548,2019-11-02T10:00:00.000,2019,November,2,Saturday,10,5,Princes Bridge,656
926,2888549,2019-11-02T10:00:00.000,2019,November,2,Saturday,10,6,Flinders Street Station Underpass,964
927,2888550,2019-11-02T10:00:00.000,2019,November,2,Saturday,10,14,Sandridge Bridge,12
928,2888551,2019-11-02T10:00:00.000,2019,November,2,Saturday,10,26,QV Market-Elizabeth St (West),594
929,2888552,2019-11-02T10:00:00.000,2019,November,2,Saturday,10,24,Spencer St-Collins St (North),1657
930,2888553,2019-11-02T10:00:00.000,2019,November,2,Saturday,10,23,Spencer St-Collins St (South),230
931,2888554,2019-11-02T10:00:00.000,2019,November,2,Saturday,10,25,Melbourne Convention Exhibition Centre,680
932,2888555,2019-11-02T10:00:00.000,2019,November,2,Saturday,10,21,Bourke St-Russell St (West),304
933,2888556,2019-11-02T10:00:00.000,2019,November,2,Saturday,10,20,Chinatown-Lt Bourke St (South),132
934,2888557,2019-11-02T10:00:00.000,2019,November,2,Saturday,10,19,Chinatown-Swanston St (North),310
935,2888558,2019-11-02T10:00:00.000,2019,November,2,Saturday,10,22,Flinders St-Elizabeth St (East),1362
936,2888559,2019-11-02T10:00:00.000,2019,November,2,Saturday,10,27,QV Market-Peel St,297
937,2888560,2019-11-02T10:00:00.000,2019,November,2,Saturday,10,28,The Arts Centre,500
938,2888561,2019-11-02T10:00:00.000,2019,November,2,Saturday,10,31,Lygon St (West),177
939,2888562,2019-11-02T10:00:00.000,2019,November,2,Saturday,10,30,Lonsdale St (South),400
940,2888563,2019-11-02T10:00:00.000,2019,November,2,Saturday,10,34,Flinders St-Spark La,48
941,2888564,2019-11-02T10:00:00.000,2019,November,2,Saturday,10,39,Alfred Place,145
942,2888565,2019-11-02T10:00:00.000,2019,November,2,Saturday,10,37,Lygon St (East),108
943,2888566,2019-11-02T10:00:00.000,2019,November,2,Saturday,10,40,Lonsdale St-Spring St (West),179
944,2888567,2019-11-02T10:00:00.000,2019,November,2,Saturday,10,36,Queen St (West),159
945,2888568,2019-11-02T10:00:00.000,2019,November,2,Saturday,10,29,St Kilda Rd-Alexandra Gardens,120
946,2888569,2019-11-02T10:00:00.000,2019,November,2,Saturday,10,42,Grattan St-Swanston St (West),85
947,2888570,2019-11-02T10:00:00.000,2019,November,2,Saturday,10,43,Monash Rd-Swanston St (West),70
948,2888571,2019-11-02T10:00:00.000,2019,November,2,Saturday,10,44,Tin Alley-Swanston St (West),29
949,2888572,2019-11-02T10:00:00.000,2019,November,2,Saturday,10,35,Southbank,589
950,2888573,2019-11-02T10:00:00.000,2019,November,2,Saturday,10,45,Little Collins St-Swanston St (East),449
951,2888574,2019-11-02T10:00:00.000,2019,November,2,Saturday,10,46,Pelham St (S),97
952,2888575,2019-11-02T10:00:00.000,2019,November,2,Saturday,10,47,Melbourne Central-Elizabeth St (East),712
953,2888576,2019-11-02T10:00:00.000,2019,November,2,Saturday,10,48,QVM-Queen St (East),422
954,2888577,2019-11-02T10:00:00.000,2019,November,2,Saturday,10,49,QVM-Therry St (South),212
955,2888578,2019-11-02T10:00:00.000,2019,November,2,Saturday,10,50,Faraday St-Lygon St (West),334
956,2888579,2019-11-02T10:00:00.000,2019,November,2,Saturday,10,51,QVM-Franklin St (North),142
957,2888580,2019-11-02T10:00:00.000,2019,November,2,Saturday,10,52,Elizabeth St-Lonsdale St (South),284
958,2888581,2019-11-02T10:00:00.000,2019,November,2,Saturday,10,54,Lincoln-Swanston(West),175
959,2888582,2019-11-02T10:00:00.000,2019,November,2,Saturday,10,55,Elizabeth St-La Trobe St (East),826
960,2888583,2019-11-02T10:00:00.000,2019,November,2,Saturday,10,56,Lonsdale St - Elizabeth St (North),333
961,2888584,2019-11-02T10:00:00.000,2019,November,2,Saturday,10,57,Bourke St Bridge,102
962,2888585,2019-11-02T10:00:00.000,2019,November,2,Saturday,10,58,Bourke St - Spencer St (North),698
963,2888586,2019-11-02T10:00:00.000,2019,November,2,Saturday,10,59,Swanston St - RMIT Building 80,38
964,2888587,2019-11-02T10:00:00.000,2019,November,2,Saturday,10,61,Swanston St - RMIT Building 14,392
965,2888588,2019-11-02T10:00:00.000,2019,November,2,Saturday,10,62,La Trobe St (North),145
966,2888589,2019-11-02T11:00:00.000,2019,November,2,Saturday,11,4,Town Hall (West),1364
967,2888590,2019-11-02T11:00:00.000,2019,November,2,Saturday,11,17,Collins Place (South),216
968,2888591,2019-11-02T11:00:00.000,2019,November,2,Saturday,11,18,Collins Place (North),114
969,2888592,2019-11-02T11:00:00.000,2019,November,2,Saturday,11,53,Collins St (North),1007
970,2888593,2019-11-02T11:00:00.000,2019,November,2,Saturday,11,2,Bourke Street Mall (South),1259
971,2888594,2019-11-02T11:00:00.000,2019,November,2,Saturday,11,1,Bourke Street Mall (North),1845
972,2888595,2019-11-02T11:00:00.000,2019,November,2,Saturday,11,3,Melbourne Central,786
973,2888596,2019-11-02T11:00:00.000,2019,November,2,Saturday,11,15,State Library,566
974,2888597,2019-11-02T11:00:00.000,2019,November,2,Saturday,11,9,Southern Cross Station,81
975,2888598,2019-11-02T11:00:00.000,2019,November,2,Saturday,11,10,Victoria Point,78
976,2888599,2019-11-02T11:00:00.000,2019,November,2,Saturday,11,12,New Quay,23
977,2888600,2019-11-02T11:00:00.000,2019,November,2,Saturday,11,11,Waterfront City,5
978,2888601,2019-11-02T11:00:00.000,2019,November,2,Saturday,11,8,Webb Bridge,97
979,2888602,2019-11-02T11:00:00.000,2019,November,2,Saturday,11,7,Birrarung Marr,48
980,2888603,2019-11-02T11:00:00.000,2019,November,2,Saturday,11,5,Princes Bridge,1052
981,2888604,2019-11-02T11:00:00.000,2019,November,2,Saturday,11,6,Flinders Street Station Underpass,1075
982,2888605,2019-11-02T11:00:00.000,2019,November,2,Saturday,11,14,Sandridge Bridge,15
983,2888606,2019-11-02T11:00:00.000,2019,November,2,Saturday,11,26,QV Market-Elizabeth St (West),751
984,2888607,2019-11-02T11:00:00.000,2019,November,2,Saturday,11,24,Spencer St-Collins St (North),1535
985,2888608,2019-11-02T11:00:00.000,2019,November,2,Saturday,11,23,Spencer St-Collins St (South),197
986,2888609,2019-11-02T11:00:00.000,2019,November,2,Saturday,11,25,Melbourne Convention Exhibition Centre,697
987,2888610,2019-11-02T11:00:00.000,2019,November,2,Saturday,11,21,Bourke St-Russell St (West),420
988,2888611,2019-11-02T11:00:00.000,2019,November,2,Saturday,11,20,Chinatown-Lt Bourke St (South),308
989,2888612,2019-11-02T11:00:00.000,2019,November,2,Saturday,11,19,Chinatown-Swanston St (North),562
990,2888613,2019-11-02T11:00:00.000,2019,November,2,Saturday,11,22,Flinders St-Elizabeth St (East),1610
991,2888614,2019-11-02T11:00:00.000,2019,November,2,Saturday,11,27,QV Market-Peel St,327
992,2888615,2019-11-02T11:00:00.000,2019,November,2,Saturday,11,28,The Arts Centre,817
993,2888616,2019-11-02T11:00:00.000,2019,November,2,Saturday,11,31,Lygon St (West),131
994,2888617,2019-11-02T11:00:00.000,2019,November,2,Saturday,11,30,Lonsdale St (South),478
995,2888618,2019-11-02T11:00:00.000,2019,November,2,Saturday,11,34,Flinders St-Spark La,50
996,2888619,2019-11-02T11:00:00.000,2019,November,2,Saturday,11,39,Alfred Place,128
997,2888620,2019-11-02T11:00:00.000,2019,November,2,Saturday,11,37,Lygon St (East),112
998,2888621,2019-11-02T11:00:00.000,2019,November,2,Saturday,11,40,Lonsdale St-Spring St (West),304
999,2888622,2019-11-02T11:00:00.000,2019,November,2,Saturday,11,36,Queen St (West),145
